Keyword,*.rencore.com/*_20251221,*.rencore.com/*_20251221_visibility,*.rencore.com/*_20251221_type,*.rencore.com/*_20251221_landing,*.rencore.com/*_difference,*.rencore.com/*_visibility_difference,*.avepoint.com/*_20251221,*.avepoint.com/*_20251221_visibility,*.avepoint.com/*_20251221_type,*.avepoint.com/*_20251221_landing,*.avepoint.com/*_difference,*.avepoint.com/*_visibility_difference,*.syskit.com/*_20251221,*.syskit.com/*_20251221_visibility,*.syskit.com/*_20251221_type,*.syskit.com/*_20251221_landing,*.syskit.com/*_difference,*.syskit.com/*_visibility_difference,*.sharegate.com/*_20251221,*.sharegate.com/*_20251221_visibility,*.sharegate.com/*_20251221_type,*.sharegate.com/*_20251221_landing,*.sharegate.com/*_difference,*.sharegate.com/*_visibility_difference,*.coreview.com/*_20251221,*.coreview.com/*_20251221_visibility,*.coreview.com/*_20251221_type,*.coreview.com/*_20251221_landing,*.coreview.com/*_difference,*.coreview.com/*_visibility_difference,Tags,Intents,CPC,Search Volume,Keyword Difficulty
sharepoint governance tools,1,1.13636,ai overview,https://rencore.com/en/service/microsoft-sharepoint-governance,0,0.00000,15,0.03902,organic,https://www.avepoint.com/products/office-365-governance,0,0.00000,3,0.29658,site links,https://www.syskit.com/blog/the-complete-guide-to-sharepoint-governance/,0,0.00000,6,0.12800,organic,https://sharegate.com/blog/sharepoint-governance-security-guide,0,0.00000,13,0.04371,organic,https://www.coreview.com/blog/4-things-to-know-about-m365-governance,0,0.00000,,i,9.72,30,25
power platform governance,5,0.19043,ai overview,https://rencore.com/en/service/power-platform-governance,0,0.00000,-,0.00000,,,-,0.00000,9,0.09366,site links,https://www.syskit.com/blog/scalable-power-platform-governance-guide/,-1,-0.01561,-,0.00000,,,-,0.00000,-,0.00000,,,-,0.00000,,i,10.87,90,24
teams governance tool,5,0.19043,organic,https://rencore.com/en/service/microsoft-teams-governance,0,0.00000,63,0.01186,organic,https://www.avepoint.com/solutions/microsoft-teams,-3,-0.00094,9,0.09366,organic,https://www.syskit.com/blog/microsoft-teams-governance/,0,0.00000,10,0.06868,organic,https://sharegate.com/blog/microsoft-teams-governance-best-practices,-2,-0.04058,7,0.11863,organic,https://www.coreview.com/blog/microsoft-teams-governance,0,0.00000,,c,n/a,n/a,29
microsoft 365 lifecycle management,6,0.12800,organic,https://rencore.com/en/features/microsoft-365-lifecycle-governance,0,0.00000,31,0.02498,organic,https://www.avepoint.com/news/new-avepoint-online-services-release-automates-lifecycle-management-for-microsoft-office-365-groups-and-users,0,0.00000,15,0.03902,organic,https://www.syskit.com/ebooks/microsoft-365-lifecycle-management-users-guide/,-8,-0.07961,37,0.02123,organic,https://sharegate.com/microsoft-governance,0,0.00000,9,0.09366,organic,https://www.coreview.com/microsoft-365-governance-lifecycle-management,17,0.06556,,n|t,6.33,20,37
copilot governance,8,0.10927,organic,https://rencore.com/en/service/microsoft-copilot-studio-governance,0,0.00000,-,0.00000,,,-,0.00000,20,0.03278,organic,https://www.syskit.com/blog/securing-and-governing-microsoft-copilot/,-1,-0.00156,5,0.19043,organic,https://sharegate.com/blog/microsoft-365-copilot-governance,0,0.00000,-,0.00000,,,-,0.00000,,i|t,5.15,20,28
sharepoint lifecycle management,8,0.10927,organic,https://rencore.com/en/blog/sharepoint-advanced-management-in-sharepoint-premium,1,0.01561,30,0.02560,organic,https://www.avepoint.com/solutions/records-information-management,1,0.00062,23,0.02997,organic,https://www.syskit.com/ebooks/microsoft-365-lifecycle-management-users-guide/,1,0.00062,11,0.06244,organic,https://sharegate.com/blog/managing-sharepoint-in-microsoft-365,1,0.01561,47,0.01686,organic,https://www.coreview.com/microsoft-365-governance-lifecycle-management,1,0.00031,,i|t,7.12,20,16
avepoint alternative,9,0.09366,organic,https://rencore.com/en/avepoint-alternative,-8,-1.04271,21,0.03122,organic,https://www.avepoint.com/blog/backup/office-365-cloud-backup,2,0.00125,-,0.00000,,,-,0.00000,-,0.00000,,,-,0.00000,-,0.00000,,,-,0.00000,,i|c,n/a,n/a,15
teams governance,9,0.09366,organic,https://rencore.com/en/blog/microsoft-teams-governance-best-practices-definitive-list,0,0.00000,52,0.01530,organic,https://www.avepoint.com/blog/manage/microsoft-teams-governance-vs-management,1,0.00031,22,0.03059,organic,https://www.syskit.com/blog/avoid-mistakes-with-teams-governance/,1,0.00062,4,0.24663,organic,https://sharegate.com/blog/microsoft-teams-governance-best-practices,0,0.00000,8,0.10927,organic,https://www.coreview.com/blog/microsoft-teams-governance,-1,-0.00937,,i|c,6.06,70,18
sharepoint governance,11,0.06244,organic,https://rencore.com/en/service/microsoft-sharepoint-governance,-9,-0.32780,14,0.04058,organic,https://cdn.avepoint.com/pdfs/en/whitepapers/Public_Sector_Framework_for_an_Effective_SharePoint_Governance_Plan.pdf,-12,-0.34965,3,0.29658,organic,https://www.syskit.com/blog/the-complete-guide-to-sharepoint-governance/,1,0.04995,8,0.10927,organic,https://sharegate.com/blog/sharepoint-governance-security-guide,-6,-0.28097,47,0.01686,organic,https://www.coreview.com/blog/4-things-to-know-about-m365-governance,-1,-0.00031,,i,7.25,170,13
microsoft teams lifecycle management,13,0.04371,organic,https://rencore.com/en/blog/microsoft-365-groups-microsoft-teams-lifecycle-management,-1,-0.00312,15,0.03902,organic,https://www.avepoint.com/blog/manage/microsoft-teams-lifecycle,-1,-0.00156,6,0.12800,organic,https://www.syskit.com/blog/microsoft-teams-governance/,1,0.00937,19,0.03434,organic,https://sharegate.com/blog/build-a-microsoft-teams-lifecycle-management-plan-archiving-and-deleting-inactive-teams,-1,-0.00094,42,0.01842,organic,https://www.coreview.com/blog/microsoft-teams-governance,-1,-0.00031,,t,n/a,40,22
microsoft 365 governance,15,0.03902,organic,https://rencore.com/en/blog/microsoft-governance-strategies/,0,0.00000,21,0.03122,organic,https://www.avepoint.com/products/office-365-governance,0,0.00000,5,0.19043,organic,https://www.syskit.com/governance-handbook/,0,0.00000,6,0.12800,organic,https://sharegate.com/blog/microsoft-365-governance-framework,0,0.00000,3,0.29658,site links,https://www.coreview.com/blog/4-things-to-know-about-m365-governance,0,0.00000,,i,10.03,70,39
cost of microsoft copilot licenses,17,0.03621,organic,https://rencore.com/en/blog/microsoft-copilot-pricing-how-to-turn-a-fixed-cost-into-strategic-value,-1,-0.00125,-,0.00000,,,-,0.00000,-,0.00000,,,-,0.00000,-,0.00000,,,-,0.00000,-,0.00000,,,-,0.00000,,n|t,0.99,20,54
copilot pricing,22,0.03059,organic,https://rencore.com/en/blog/microsoft-copilot-pricing-how-to-turn-a-fixed-cost-into-strategic-value,1,0.00062,-,0.00000,,,-,0.00000,-,0.00000,,,-,0.00000,-,0.00000,,,-,0.00000,-,0.00000,,,-,0.00000,,n|t,1.11,2900,50
microsoft 365 external sharing,22,0.03059,organic,https://rencore.com/en/use-case/microsoft-365-external-access,-1,-0.00062,15,0.03902,organic,https://www.avepoint.com/blog/sharepoint-hybrid/sharepoint-external-sharing,-1,-0.00156,21,0.03122,organic,https://www.syskit.com/glossary/external-sharing-in-sharepoint/,-1,-0.00156,9,0.09366,organic,https://sharegate.com/blog/how-to-secure-external-sharing-sharepoint-online-onedrive-office-365,6,0.05463,7,0.11863,organic,https://www.coreview.com/blog/365-external-collaboration,0,0.00000,,i,n/a,20,50
automate access reviews microsoft 365,23,0.02997,organic,https://rencore.com/en/features/access-review,-14,-0.06369,65,0.01124,organic,https://www.avepoint.com/blog/manage/mastering-microsoft-365,-1,-0.00031,6,0.12800,site links,https://www.syskit.com/blog/governance-access-reviews-in-m365/,0,0.00000,74,0.00843,organic,https://sharegate.com/blog/how-to-implement-m365-governance-best-practices,-1,-0.00031,2,0.39023,organic,https://www.coreview.com/use-case/user-access-reviews,0,0.00000,,c,n/a,n/a,9
sharepoint online best practice,23,0.02997,organic,https://rencore.com/en/blog/sharepoint-best-practices-common-questions,-2,-0.00125,-,0.00000,,,-,0.00000,25,0.02872,organic,https://www.syskit.com/blog/sharepoint-storage-limit-best-practices/,-2,-0.00125,20,0.03278,organic,https://sharegate.com/blog/sharepoint-permissions-best-practices-2-ways-to-manage,-12,-0.07649,-,0.00000,,,-,0.00000,,c,n/a,n/a,28
copilot readiness,25,0.02872,organic,https://go.rencore.com/microsoft-365-copilot-checklist/,0,0.00000,7,0.11863,organic,https://www.avepoint.com/ebooks/msp-copilot-readiness-checklist,93,0.11863,4,0.24663,organic,https://www.syskit.com/use-cases/copilot-readiness/,1,0.05619,-,0.00000,,,-,0.00000,19,0.03434,organic,https://www.coreview.com/blog/copilot-readiness,0,0.00000,,i|t,3.67,30,30
shadow it microsoft,38,0.02060,organic,https://rencore.com/en/blog/shadow-it-cloud-governance-strategy,-1,-0.00062,-,0.00000,,,-,0.00000,23,0.02997,organic,https://www.syskit.com/blog/what-is-shadow-it-heres-the-overview-of-it-along-with-m365-governance-best-practices/,-1,-0.00062,58,0.01342,organic,https://academy.sharegate.com/a/course/33256/description,-1,-0.00031,53,0.01499,organic,https://www.coreview.com/whitepaper/m365-application-security-data-governance-and-shadow-it-report,-1,-0.00031,,i,n/a,20,35
microsoft teams governance solution,40,0.01936,organic,https://rencore.com/en/service/microsoft-teams-governance,0,0.00000,48,0.01655,organic,https://www.avepoint.com/blog/manage/microsoft-teams-governance,0,0.00000,10,0.06868,organic,https://www.syskit.com/blog/microsoft-teams-governance/,0,0.00000,5,0.19043,organic,https://sharegate.com/blog/microsoft-teams-governance-best-practices,-3,-0.19980,2,0.39023,ai overview,https://www.coreview.com/blog/microsoft-teams-governance,0,0.00000,,i|t,n/a,10,28
sharepoint auditing tool,79,0.00687,organic,https://rencore.com/en/blog/five-easy-steps-to-audit-your-custom-sharepoint-solutions,-2,-0.00062,51,0.01561,organic,https://www.avepoint.com/blog/protect/microsoft-365-audit-logging,-2,-0.00062,6,0.12800,organic,https://www.syskit.com/solutions/sharepoint-audit-tool/,0,0.00000,2,0.39023,organic,https://sharegate.com/sharepoint-audit-tool,0,0.00000,69,0.00999,organic,https://www.coreview.com/blog/how-to-navigate-and-interpret-microsoft-office-365-audit-logs,-2,-0.00062,,c,21.47,n/a,23
microsoft copilot data governance,89,0.00375,organic,https://rencore.com/en/service/microsoft-copilot-studio-governance,0,0.00000,29,0.02622,organic,https://www.avepoint.com/blog/protect/data-governance-quality-control-microsoft-365-copilot-financial-services,-1,-0.00062,48,0.01655,organic,https://www.syskit.com/blog/securing-and-governing-microsoft-copilot/,-1,-0.00031,22,0.03059,organic,https://sharegate.com/blog/microsoft-365-copilot-governance,-1,-0.00062,54,0.01467,organic,https://www.coreview.com/blog/m365-copilot-security-risks,-1,-0.00031,,n|t,8.88,20,55
active directory auditing tools,-,0.00000,,,-,0.00000,-,0.00000,,,-,0.00000,-,0.00000,,,-,0.00000,-,0.00000,,,-,0.00000,-,0.00000,,,-,0.00000,,i,36.61,140,32
ad logging,-,0.00000,,,-,0.00000,-,0.00000,,,-,0.00000,-,0.00000,,,-,0.00000,-,0.00000,,,-,0.00000,2,0.39023,ai overview,https://www.coreview.com/blog/azure-active-directory-logs-a-guide-to-monitoring-and-reporting-in-microsoft-azure-ad,0,0.00000,,i,23.45,n/a,23
ad password policy,-,0.00000,,,-,0.00000,-,0.00000,,,-,0.00000,-,0.00000,,,-,0.00000,-,0.00000,,,-,0.00000,-,0.00000,,,-,0.00000,,i,30.60,210,22
agentic ai,-,0.00000,,,-,0.00000,-,0.00000,,,-,0.00000,-,0.00000,,,-,0.00000,-,0.00000,,,-,0.00000,-,0.00000,,,-,0.00000,,i,9.63,22200,82
ai compliance,-,0.00000,,,-,0.00000,-,0.00000,,,-,0.00000,-,0.00000,,,-,0.00000,-,0.00000,,,-,0.00000,-,0.00000,,,-,0.00000,,i,8.70,720,46
ai governance,-,0.00000,,,-,0.00000,-,0.00000,,,-,0.00000,-,0.00000,,,-,0.00000,-,0.00000,,,-,0.00000,-,0.00000,,,-,0.00000,,i,11.24,2400,45
ai governance certification,-,0.00000,,,-,0.00000,-,0.00000,,,-,0.00000,-,0.00000,,,-,0.00000,-,0.00000,,,-,0.00000,-,0.00000,,,-,0.00000,,i,5.93,590,22
ai governance model,-,0.00000,,,-,0.00000,-,0.00000,,,-,0.00000,-,0.00000,,,-,0.00000,-,0.00000,,,-,0.00000,-,0.00000,,,-,0.00000,,i,13.16,10,63
ai governance software,-,0.00000,,,-,0.00000,-,0.00000,,,-,0.00000,-,0.00000,,,-,0.00000,-,0.00000,,,-,0.00000,-,0.00000,,,-,0.00000,,i,17.59,210,46
ai lifecycle management,-,0.00000,,,-,0.00000,-,0.00000,,,-,0.00000,-,0.00000,,,-,0.00000,-,0.00000,,,-,0.00000,-,0.00000,,,-,0.00000,,i,7.89,50,34
ai regulation in europe,-,0.00000,,,-,0.00000,-,0.00000,,,-,0.00000,-,0.00000,,,-,0.00000,-,0.00000,,,-,0.00000,-,0.00000,,,-,0.00000,,i,2.73,10,84
ai risk management,-,0.00000,,,-,0.00000,-,0.00000,,,-,0.00000,-,0.00000,,,-,0.00000,-,0.00000,,,-,0.00000,-,0.00000,,,-,0.00000,,i,11.41,590,54
audit o365,-,0.00000,,,-,0.00000,3,0.29658,organic,https://www.avepoint.com/blog/protect/microsoft-365-audit-logging,5,0.18731,39,0.01998,organic,https://www.syskit.com/features/office-365-auditing/,0,0.00000,-,0.00000,,,-,0.00000,11,0.06244,organic,https://www.coreview.com/blog/how-to-navigate-and-interpret-microsoft-office-365-audit-logs,0,0.00000,,i,13.95,n/a,34
audit trail sharepoint,-,0.00000,,,-,0.00000,32,0.02435,organic,https://www.avepoint.com/blog/protect/microsoft-365-audit-logging,0,0.00000,22,0.03059,organic,https://www.syskit.com/products/spdockit/features/sharepoint-audit-log-reports/,0,0.00000,2,0.39023,ai overview,https://sharegate.com/blog/how-to-audit-sharepoint-understanding-sharepoint-audit-logs-101,2,0.14361,-,0.00000,,,-,0.00000,,i,9.99,n/a,30
azure ad logs,-,0.00000,,,-,0.00000,-,0.00000,,,-,0.00000,-,0.00000,,,-,0.00000,-,0.00000,,,-,0.00000,2,0.39023,organic,https://www.coreview.com/blog/azure-active-directory-logs-a-guide-to-monitoring-and-reporting-in-microsoft-azure-ad,1,0.09366,,n|t,10.36,40,23
box to sharepoint migration,-,0.00000,,,-,0.00000,38,0.02060,organic,https://www.avepoint.com/blog/migrate/microsoft-365-box-migration,-1,-0.00062,-,0.00000,,,-,0.00000,3,0.29658,organic,https://help.sharegate.com/en/articles/10236153-box-com-to-sharepoint-migration-diagram,0,0.00000,-,0.00000,,,-,0.00000,,i,16.33,70,14
compliance dashboard,-,0.00000,,,-,0.00000,-,0.00000,,,-,0.00000,-,0.00000,,,-,0.00000,-,0.00000,,,-,0.00000,-,0.00000,,,-,0.00000,,i,11.91,390,21
copilot ai agents,-,0.00000,,,-,0.00000,-,0.00000,,,-,0.00000,-,0.00000,,,-,0.00000,-,0.00000,,,-,0.00000,-,0.00000,,,-,0.00000,,i|t,3.94,390,52
copilot risks,-,0.00000,,,-,0.00000,-,0.00000,,,-,0.00000,-,0.00000,,,-,0.00000,-,0.00000,,,-,0.00000,8,0.10927,site links,https://www.coreview.com/blog/m365-copilot-security-risks,-7,-1.02710,,i,n/a,20,38
copilot security concerns,-,0.00000,,,-,0.00000,-,0.00000,,,-,0.00000,-,0.00000,,,-,0.00000,-,0.00000,,,-,0.00000,1,1.13636,ai overview,https://www.coreview.com/blog/m365-copilot-security-risks,99,1.13636,,i,6.81,90,30
database performance monitoring,-,0.00000,,,-,0.00000,-,0.00000,,,-,0.00000,-,0.00000,,,-,0.00000,-,0.00000,,,-,0.00000,-,0.00000,,,-,0.00000,,i,21.57,170,31
device management office 365,-,0.00000,,,-,0.00000,-,0.00000,,,-,0.00000,-,0.00000,,,-,0.00000,-,0.00000,,,-,0.00000,3,0.29658,organic,https://www.coreview.com/blog/device-management-in-microsoft-365,0,0.00000,,i,14.22,10,32
endpoint management software,-,0.00000,,,-,0.00000,-,0.00000,,,-,0.00000,-,0.00000,,,-,0.00000,-,0.00000,,,-,0.00000,-,0.00000,,,-,0.00000,,i|c,75.90,590,29
enterprise ai governance,-,0.00000,,,-,0.00000,-,0.00000,,,-,0.00000,-,0.00000,,,-,0.00000,-,0.00000,,,-,0.00000,-,0.00000,,,-,0.00000,,i,14.55,70,28
eu ai act,-,0.00000,,,-,0.00000,-,0.00000,,,-,0.00000,-,0.00000,,,-,0.00000,-,0.00000,,,-,0.00000,-,0.00000,,,-,0.00000,,n,2.94,6600,66
google drive to sharepoint,-,0.00000,,,-,0.00000,56,0.01405,organic,https://www.avepoint.com/blog/migrate/google-drive-to-office-365,-5,-0.00156,-,0.00000,,,-,0.00000,7,0.11863,organic,https://sharegate.com/blog/migrate-google-drive-to-sharepoint,-6,-1.01773,-,0.00000,,,-,0.00000,,i,8.59,10,20
intune mdm,-,0.00000,,,-,0.00000,-,0.00000,,,-,0.00000,-,0.00000,,,-,0.00000,-,0.00000,,,-,0.00000,5,0.19043,organic,https://www.coreview.com/blog/back-to-basics-microsoft-intune-mobile-device-management-and-mobile-application-management-in-microsoft-365,-4,-0.94593,,i,10.55,1300,42
low code governance,-,0.00000,,,-,0.00000,-,0.00000,,,-,0.00000,-,0.00000,,,-,0.00000,-,0.00000,,,-,0.00000,-,0.00000,,,-,0.00000,,i,n/a,30,15
low code security,-,0.00000,,,-,0.00000,-,0.00000,,,-,0.00000,-,0.00000,,,-,0.00000,-,0.00000,,,-,0.00000,-,0.00000,,,-,0.00000,,i,16.92,40,32
low-code government platform,-,0.00000,,,-,0.00000,1,1.13636,ai overview,https://www.avepoint.com/shifthappens/blog/evaluating-low-code-no-code-for-government-agencies-benefits-and-drawbacks,0,0.00000,-,0.00000,,,-,0.00000,-,0.00000,,,-,0.00000,-,0.00000,,,-,0.00000,,i,n/a,10,29
low-code government software,-,0.00000,,,-,0.00000,-,0.00000,,,-99,-1.13636,-,0.00000,,,-,0.00000,-,0.00000,,,-,0.00000,-,0.00000,,,-,0.00000,,i,n/a,10,32
m365 permissions,-,0.00000,,,-,0.00000,91,0.00312,organic,https://www.avepoint.com/blog/manage/office-365-admin-permissions,2,0.00062,32,0.02435,organic,https://www.syskit.com/features/office-365-access-management/,1,0.00062,6,0.12800,organic,https://sharegate.com/blog/how-to-take-back-control-of-microsoft-365-permissions,2,0.01873,7,0.11863,organic,https://www.coreview.com/blog/microsoft-365-admin-roles-limitations,2,0.02498,,i,n/a,20,28
microsoft 365 compliance,-,0.00000,,,-,0.00000,-,0.00000,,,-,0.00000,9,0.09366,organic,https://www.syskit.com/blog/microsoft-365-compliance-guide/,1,0.02498,5,0.19043,organic,https://sharegate.com/blog/office-365-compliance-center,1,0.06244,-,0.00000,,,-,0.00000,,n,7.12,50,50
microsoft 365 reporting,-,0.00000,,,-,0.00000,68,0.01030,organic,https://www.avepoint.com/products/365-security-insights,-2,-0.00062,5,0.19043,organic,https://www.syskit.com/features/office-365-reporting/,-3,-0.19980,54,0.01467,organic,https://sharegate.com/resource/learn-microsoft-365-reporting-guide,-2,-0.00062,7,0.11863,organic,https://www.coreview.com/blog/what-is-office-365-reporting-a-beginners-guide-to-tools-best-practices-and-more,1,0.00937,,i|t,14.02,10,30
microsoft 365 tenant migration,-,0.00000,,,-,0.00000,44,0.01779,organic,https://www.avepoint.com/blog/migrate/microsoft-365-tenant-migration-considerations,0,0.00000,-,0.00000,,,-,0.00000,-,0.00000,,,-98,-0.39023,8,0.10927,organic,https://www.coreview.com/blog/microsoft-365-tenant-to-tenant-migration-a-comprehensive-guide-for-it-leaders,-6,-0.28097,,i|t,17.15,20,33
microsoft compliance,-,0.00000,,,-,0.00000,-,0.00000,,,-,0.00000,11,0.06244,organic,https://www.syskit.com/blog/microsoft-365-compliance-guide/,2,0.01873,-,0.00000,,,-93,-0.11863,-,0.00000,,,-,0.00000,,n,7.37,140,58
microsoft copilot best practices,-,0.00000,,,-,0.00000,-,0.00000,,,-,0.00000,-,0.00000,,,-,0.00000,-,0.00000,,,-,0.00000,-,0.00000,,,-,0.00000,,c,3.02,20,52
microsoft device management,-,0.00000,,,-,0.00000,-,0.00000,,,-,0.00000,-,0.00000,,,-,0.00000,-,0.00000,,,-,0.00000,10,0.06868,organic,https://www.coreview.com/blog/device-management-in-microsoft-365,1,0.00624,,n|t,11.06,720,47
migrate data to office 365,-,0.00000,,,-,0.00000,63,0.01186,organic,https://www.avepoint.com/products/fly,0,0.00000,-,0.00000,,,-,0.00000,5,0.19043,organic,https://sharegate.com/blog/get-started-office-365-migration-checklist,0,0.00000,71,0.00937,organic,https://www.coreview.com/blog/microsoft-365-tenant-to-tenant-migration-a-comprehensive-guide-for-it-leaders,0,0.00000,,i,12.04,n/a,27
migrate file share to sharepoint online,-,0.00000,,,-,0.00000,-,0.00000,,,-,0.00000,-,0.00000,,,-,0.00000,5,0.19043,ai overview,https://sharegate.com/blog/5-key-areas-to-improve-file-shares-to-sharepoint-migration,-1,-0.05619,-,0.00000,,,-,0.00000,,i,13.64,40,15
migrate google workspace to office 365,-,0.00000,,,-,0.00000,37,0.02123,organic,https://www.avepoint.com/blog/migrate/google-drive-to-office-365,2,0.00125,-,0.00000,,,-,0.00000,8,0.10927,organic,https://sharegate.com/blog/google-workspace-to-microsoft-365-migration-101-pros-and-cons-of-moving-and-how-to-prepare,0,0.00000,-,0.00000,,,-,0.00000,,i,12.19,210,27
migrate sharepoint site to another tenant,-,0.00000,,,-,0.00000,-,0.00000,,,-,0.00000,-,0.00000,,,-,0.00000,3,0.29658,ai overview,https://sharegate.com/blog/migrate-sharepoint-from-one-tenant-to-another,0,0.00000,32,0.02435,organic,https://www.coreview.com/blog/microsoft-365-tenant-to-tenant-migration-a-comprehensive-guide-for-it-leaders,0,0.00000,,i,15.18,40,12
migration office 365,-,0.00000,,,-,0.00000,13,0.04371,organic,https://www.avepoint.com/blog/migrate/exchange-to-office-365-migration,-1,-0.00312,-,0.00000,,,-,0.00000,5,0.19043,organic,https://sharegate.com/blog/get-started-office-365-migration-checklist,0,0.00000,-,0.00000,,,-,0.00000,,n,12.04,170,49
migration to sharepoint,-,0.00000,,,-,0.00000,67,0.01061,organic,https://www.avepoint.com/blog/microsoft-365/sharepoint-migration-checklist,-1,-0.00031,-,0.00000,,,-,0.00000,8,0.10927,organic,https://sharegate.com/sharepoint-migration,-2,-0.01873,-,0.00000,,,-,0.00000,,i|t,19.82,10,66
mobile device management best practices,-,0.00000,,,-,0.00000,-,0.00000,,,-,0.00000,-,0.00000,,,-,0.00000,-,0.00000,,,-,0.00000,6,0.12800,organic,https://www.coreview.com/blog/10-actionable-mobile-device-management-best-practices-for-microsoft-intune,0,0.00000,,c,13.49,40,27
monitor active directory,-,0.00000,,,-,0.00000,-,0.00000,,,-,0.00000,-,0.00000,,,-,0.00000,-,0.00000,,,-,0.00000,-,0.00000,,,-,0.00000,,i,54.16,50,15
o365 audit log,-,0.00000,,,-,0.00000,15,0.03902,organic,https://www.avepoint.com/blog/protect/microsoft-365-audit-logging,2,0.00281,6,0.12800,site links,https://www.syskit.com/blog/audit-logs-on-office-365/,0,0.00000,-,0.00000,,,-,0.00000,8,0.10927,organic,https://www.coreview.com/blog/how-to-navigate-and-interpret-microsoft-office-365-audit-logs,7,0.07024,,i,11.72,140,34
o365 migration,-,0.00000,,,-,0.00000,15,0.03902,organic,https://www.avepoint.com/blog/migrate/exchange-to-office-365-migration,1,0.00156,-,0.00000,,,-,0.00000,4,0.24663,organic,https://sharegate.com/blog/get-started-office-365-migration-checklist,0,0.00000,-,0.00000,,,-,0.00000,,n,12.04,210,42
office 365 audit,-,0.00000,,,-,0.00000,6,0.12800,organic,https://www.avepoint.com/blog/protect/microsoft-365-audit-logging,0,0.00000,34,0.02310,organic,https://www.syskit.com/features/office-365-auditing/,-7,-0.00437,-,0.00000,,,-,0.00000,24,0.02935,organic,https://www.coreview.com/blog/an-admins-guide-to-navigating-audit-logs-in-office-365,-7,-0.00687,,n,13.95,20,37
office 365 best practice,-,0.00000,,,-,0.00000,-,0.00000,,,-,0.00000,20,0.03278,organic,https://www.syskit.com/blog/top-10-office-365-best-practices/,-1,-0.00156,12,0.04683,organic,https://sharegate.com/blog/21-microsoft-365-security-best-practices-a-practical-guide,-9,-0.24975,3,0.29658,organic,https://www.coreview.com/blog/microsoft-365-security-best-practices-and-how-to-implement-them,1,0.04995,,c,8.73,n/a,35
office 365 data migration,-,0.00000,,,-,0.00000,-,0.00000,,,-,0.00000,-,0.00000,,,-,0.00000,2,0.39023,ai overview,https://sharegate.com/blog/get-started-office-365-migration-checklist,2,0.14361,2,0.39023,ai overview,https://www.coreview.com/blog/microsoft-365-tenant-to-tenant-migration-a-comprehensive-guide-for-it-leaders,0,0.00000,,i,12.04,320,38
office 365 tenant to tenant migration,-,0.00000,,,-,0.00000,34,0.02310,organic,https://www.avepoint.com/blog/migrate/microsoft-365-tenant-migration-considerations,1,0.00062,-,0.00000,,,-,0.00000,-,0.00000,,,-,0.00000,9,0.09366,organic,https://www.coreview.com/blog/microsoft-365-tenant-to-tenant-migration-a-comprehensive-guide-for-it-leaders,-3,-0.03434,,i|t,14.06,210,31
on premise active directory,-,0.00000,,,-,0.00000,-,0.00000,,,-,0.00000,-,0.00000,,,-,0.00000,-,0.00000,,,-,0.00000,13,0.04371,organic,https://www.coreview.com/blog/can-azure-active-directory-replace-on-premise-ad,-3,-0.02498,,i,11.64,70,10
risks of microsoft copilot,-,0.00000,,,-,0.00000,-,0.00000,,,-,0.00000,39,0.01998,organic,https://www.syskit.com/blog/microsoft-copilot-real-life-scenarios/,-2,-0.00125,32,0.02435,organic,https://sharegate.com/blog/copilot-security,-2,-0.00125,5,0.19043,site links,https://www.coreview.com/blog/m365-copilot-security-risks,0,0.00000,,i,n/a,20,38
sharegate alternative,-,0.00000,,,-,0.00000,-,0.00000,,,-,0.00000,4,0.24663,organic,https://www.syskit.com/solutions/sharegate-alternative/,1,0.05619,14,0.04058,organic,https://sharegate.com/blog/sharepoint-migration-tool-sharegates-teams-migration-tool-compared,0,0.00000,-,0.00000,,,-,0.00000,,i,14.25,30,3
sharepoint access control best practices,-,0.00000,,,-,0.00000,-,0.00000,,,-,0.00000,30,0.02560,organic,https://www.syskit.com/blog/sharepoint-copilot-best-practices/,-1,-0.00062,3,0.29658,ai overview,https://sharegate.com/blog/sharepoint-permissions-best-practices-2-ways-to-manage,-2,-0.83979,44,0.01779,organic,https://www.coreview.com/blog/365-external-collaboration,-1,-0.00031,,c,n/a,20,32
sharepoint audit log,-,0.00000,,,-,0.00000,15,0.03902,organic,https://www.avepoint.com/blog/protect/microsoft-365-audit-logging,-2,-0.00468,12,0.04683,organic,https://www.syskit.com/glossary/audit-log/,-2,-0.02185,1,1.13636,ai overview,https://sharegate.com/blog/how-to-audit-sharepoint-understanding-sharepoint-audit-logs-101,3,0.88974,-,0.00000,,,-,0.00000,,i|t,9.99,210,30
sharepoint management tool,-,0.00000,,,-,0.00000,28,0.02685,organic,https://www.avepoint.com/,-3,-0.00187,-,0.00000,,,-,0.00000,-,0.00000,,,-,0.00000,-,0.00000,,,-,0.00000,,i,11.22,50,31
sharepoint migration,-,0.00000,,,-,0.00000,19,0.03434,organic,https://www.avepoint.com/ebooks/office-365-migration-checklist,-1,-0.00094,-,0.00000,,,-,0.00000,7,0.11863,organic,https://sharegate.com/sharepoint-migration,-1,-0.00937,-,0.00000,,,-,0.00000,,i,19.82,480,57
sharepoint migration tool,-,0.00000,,,-,0.00000,74,0.00843,organic,https://www.avepoint.com/,0,0.00000,-,0.00000,,,-,0.00000,4,0.24663,organic,https://sharegate.com/sharepoint-migration,0,0.00000,-,0.00000,,,-,0.00000,,i|t,18.57,2400,53
sharepoint on premise to online migration,-,0.00000,,,-,0.00000,-,0.00000,,,-,0.00000,-,0.00000,,,-,0.00000,1,1.13636,ai overview,https://sharegate.com/blog/customer-success-story-migrating-sharepoint-on-prem-to-sharepoint-online,4,0.94593,-,0.00000,,,-,0.00000,,i,12.15,30,16
sharepoint permission manager,-,0.00000,,,-,0.00000,38,0.02060,organic,https://www.avepoint.com/ebooks/ultimate-guide-to-sharepoint-permissions,5,0.00250,12,0.04683,organic,https://www.syskit.com/blog/sharepoint-and-office-365-managing-permissions-best-practices/,5,0.01061,24,0.02935,organic,https://sharegate.com/blog/sharepoint-folder-permissions,-22,-0.36089,-,0.00000,,,-,0.00000,,i,12.23,70,23
sharepoint permissions,-,0.00000,,,-,0.00000,84,0.00531,organic,https://www.avepoint.com/,1,0.00031,5,0.19043,organic,https://www.syskit.com/blog/microsoft-sharepoint-permission-levels-explained/,0,0.00000,42,0.01842,organic,https://sharegate.com/blog/sharepoint-folder-permissions,-41,-1.11794,-,0.00000,,,-,0.00000,,i|t,6.39,480,42
sharepoint permissions report,-,0.00000,,,-,0.00000,-,0.00000,,,-,0.00000,-,0.00000,,,-,0.00000,4,0.24663,organic,https://sharegate.com/blog/build-the-perfect-sharepoint-permissions-report,-3,-0.88974,-,0.00000,,,-,0.00000,,i,17.40,90,11
sharepoint reporting,-,0.00000,,,-,0.00000,-,0.00000,,,-,0.00000,13,0.04371,organic,https://www.syskit.com/features/office-365-reporting/,-1,-0.00312,1,1.13636,ai overview,https://sharegate.com/blog/5-sharepoint-reports-to-schedule-on-a-daily-weekly-or-quarterly-basis,0,0.00000,-,0.00000,,,-,0.00000,,i|t,9.47,90,41
what is ai governance,-,0.00000,,,-,0.00000,-,0.00000,,,-,0.00000,-,0.00000,,,-,0.00000,-,0.00000,,,-,0.00000,-,0.00000,,,-,0.00000,,i,8.28,480,45
zenity alternative,-,0.00000,,,-,0.00000,-,0.00000,,,-,0.00000,-,0.00000,,,-,0.00000,-,0.00000,,,-,0.00000,-,0.00000,,,-,0.00000,,i,n/a,20,18
