url,title,h1,meta_description,best_anchor_text,importance,current_traffic
https://rencore.com/en/blog/microsoft-365-copilot-studio-difference-comparison,Copilot for Microsoft 365 vs. Copilot Studio: What's the difference?,Copilot for Microsoft 365 vs. Copilot Studio: What's the difference?,"Discover the differences between Copilot for Microsoft 365 & Copilot Studio, and how Rencore Governance ensures secure and efficient use of these AI tools.",,A,2990
https://rencore.com/en/company/contact-us,Contact Us,Let’s talk,,Contact Rencore,B,0
https://rencore.com/de/features/adoption,Erfolgreiche Einführung - Rencore Governance,Erfolgreiche Adoption,,Contact Rencore,B,0
https://rencore.com/en/blog/using-sharepoint-migration-assessment-tool-smat,Using the SharePoint Migration Assessment Tool (SMAT),Using the SharePoint Migration Assessment Tool (SMAT),"Over the past couple of years, Microsoft has slowly started releasing features, services, and even tools that help in migrating to Office 365. For those […]",,B,58
https://rencore.com/en/blog/5-things-to-remember-when-migrating-to-office-365,5 things to remember when migrating to Office 365,5 things to remember when migrating to Office 365,"Many companies are thinking about moving to the Cloud, and this includes SharePoint clients. Microsoft is pushing the advantages of Office 365 to its customers, […]",,B,46
https://rencore.com/en/copilot-agent-governance,"AI Governance Software for Copilot, Agents and Microsoft 365 - Rencore",The AI governance software designed for Microsoft 365 Copilot & Agent control,"Govern AI agents, Copilot, and embedded AI tools across Microsoft 365 and beyond. Ensure visibility, policy control, and audit readiness. Try now for free!",Copilot governance,A,2
https://rencore.com/de/copilot-agent-governance,KI-Governance für Microsoft 365 | Steuern Sie Copilot und Agenten | Rencore,KI-Governance-Software zur Steuerung von Microsoft 365 Copilot & Agenten,"Optimieren Sie Ihre KI-Governance in Microsoft 365 mit Rencore. Gewährleisten Sie Compliance, Kontrolle und Kostentransparenz für Copilot und KI-Agenten.",Copilot governance,B,0
https://rencore.com/en/blog/microsoft-azure-active-directory-azure-ad,Everything you need to know about Microsoft Azure Active Directory,Everything you need to know about Microsoft Azure Active Directory,This blog highlights the benefits Azure AD provides to all users in an organization and offers a guide on managing M365 users with Azure AD.,,B,36
https://rencore.com/de/service/microsoft-copilot-studio-governance,Copilot Agent Governance Automatisieren | IT-Sicherheit und Compliance Optimieren | Rencore,Verwalten Sie Ihre Custom Copilots. Verhindern Sie Oversharing und Wildwuchs.,Verwalten Sie Ihre Custom Copilots mit Rencore Governance. Automatisieren Sie Sicherheitsrichtlinien und optimieren Sie den Lebenszyklus für effektive und sichere Nutzung.,Copilot Studio governance,B,0
https://rencore.com/en/use-case/declutter-microsoft-365,Declutter Microsoft 365,Declutter your Microsoft 365 tenant,Declutter your Microsoft 365 tenant and keep it free of cloud sprawl with platform lifecycle management checks in Rencore Governance.,Declutter Microsoft 365,A,0
https://rencore.com/en/blog/azure-ad-identity-governance,Azure AD identity governance and B2B collaboration,Azure AD identity governance and B2B collaboration,"Azure AD identity governance helps employees collaborate better, keeps your teams productive, and better secures your data in the cloud.",,B,15
https://rencore.com/en/blog/microsoft-teams-governance-best-practices-definitive-list,Microsoft Teams governance best practices: Definitive list,Microsoft Teams governance best practices: Definitive list,Avoid Teams chaos and security risks. Use our Microsoft Teams governance best practices and checklist to manage your environment effectively.,,B,14
https://rencore.com/en/blog/sharepoint-governance-best-practices-whitepaper,Free whitepaper! SharePoint governance best practices,Free whitepaper! SharePoint governance best practices,This SharePoint governance whitepaper provides best practices for implementing a robust SharePoint governance strategy in the cloud.,,B,14
https://rencore.com/en/blog/simplifying-the-admin-role-azure-active-directory,Simplifying the admin role with Azure Active Directory Admin Center,Simplifying the admin role with Azure Active Directory Admin Center,"Learn how to manage users, apps, devices, licenses and more in your organization with the help of the Azure Active Directory Admin Center.",,B,13
https://rencore.com/en/blog/productivity-microsoft-copilot/,How to boost your productivity with Microsoft Copilot,How to boost your productivity with Microsoft Copilot,Microsoft Copilot is an AI innovation that can significantly boost productivity. Find out how in our latest blog!,,B,12
https://rencore.com/en/blog/sharepoint-migration-tool-analysis-smat-vs-rencore-migration-assessment-tool,SharePoint migration tool analysis: SMAT vs. Rencore Migration Assessment Tool,SharePoint migration tool analysis: SMAT vs. Rencore Migration Assessment Tool,Platform migrations are complex. They are multifaceted and require impeccable planning to make sure all parts come together in the right place at the right […],,B,11
https://rencore.com/en/blog/microsoft-loop-bridging-gap-seamless-team-collaboration,Microsoft Loop: Bridging the gap for seamless team collaboration,Microsoft Loop: Bridging the gap for seamless team collaboration,"In our latest blog, read in detail about Microsoft Loop and how to use it for seamless collaboration in your organization.",,B,9
https://rencore.com/en/service/entra-id-governance,Entra ID Governance - Rencore,"Control Entra ID, maintain business continuity",Combine Rencore Governance and Entra ID to govern self-service cloud sprawl and maintain business continuity.,Entra ID governance,A,0
https://rencore.com/en/blog/building-copilot-agents-controlling-with-rencore-governance,Building Copilot Agents and Controlling them with Rencore Governance,Building Copilot Agents and Controlling them with Rencore Governance,"Learn how to create and manage custom Copilot AI agents, compare Copilot Studio pricing, and secure usage with Rencore Governance.",,C,7
https://rencore.com/en/customers/success-stories/bam,Rencore Governance Success Stories - Royal BAM,Centralize governance across business Rencore and Royal BAM,,Governance success story – Royal BAM,B,0
https://rencore.com/en/customers/success-stories/specialist-risk-group,Rencore Governance Success Stories - Specialist Risk Group,Perfect match! Rencore and Specialist Risk Group,,Governance success story – Specialist Risk Group,B,0
https://rencore.com/en/customers/success-stories/ville-de-luxembourg,Rencore Governance Success Stories - Ville de Luxembourg,Secure Cloud Collaboration for Government entity,,Governance success story – Ville de Luxembourg,B,0
https://rencore.com/en/blog/m365-tenant-segmentation-security-compliance-governance/,"Understanding Microsoft 365 tenant segmentation for better security, compliance and governance","Understanding Microsoft 365 tenant segmentation for better security, compliance and governance","In our latest blog, read how tenant segmentation can help you strengthen security, compliance and governance of Microsoft 365.",,C,5
https://rencore.com/en/customers/success-stories/wko,Rencore Governance Success Stories - WKO,Successful Modern Workplace Journey with Governance,,Governance success story – WKO,B,0
https://rencore.com/en/customers/success-stories/yoko-10,Rencore Governance Success Stories - Yoko 10,Excellent partnership! Rencore and Yoko:10,,Governance success story – Yoko:10,B,0
https://rencore.com/en/blog/the-death-of-infopath-and-sharepoint-designer,The Death of InfoPath and SharePoint Designer,The Death of InfoPath and SharePoint Designer,"This blog post was originally published on 23rd July, 2018 – updated: 28th April, 2020 Within the world of SharePoint, the citizen developer movement has […]",,C,4
https://rencore.com/en/blog/master-microsoft-user-offboarding-security,How to master user offboarding and safeguard your organization’s security,How to master user offboarding and safeguard your organization’s security,Read our latest blog to understand the importance of user offboarding from a security and compliance perspective and learn best practice to safeguard your organization.,,C,4
https://rencore.com/en/blog/secure-user-offboarding-considerations/,Secure user offboarding in M365: Best practices and considerations,Secure user offboarding in M365: Best practices and considerations,"In our latest blog, we explain why secure user offboarding is key and what the steps you need to consider are. Read now!",,C,4
https://rencore.com/en/terms-of-use/governance-terms-of-service,Software-as-a-Service Agreement - Rencore Governance,Software-as-a-Service Agreement,You can find the Rencore Governance Software-as-a-Service (SaaS) Agreement here.,Governance terms of service,B,0
https://rencore.com/en/blog/security-scanning-a-sharepoint-framework-solution,Security Scanning a SharePoint Framework Solution,Security Scanning a SharePoint Framework Solution,"The SharePoint Framework has been around for a while now and is being adopted by many of you, whether using on-premises, SharePoint 2016 or SharePoint […]",,C,3
https://rencore.com/en/blog/optimize-microsoft-365-productivity/,How to optimize productivity in the Microsoft 365 ecosystem,How to optimize productivity in the Microsoft 365 ecosystem,Read our latest blog to find out everything about optimizing productivity in M365 - from definition to measurement and more!,,C,3
https://rencore.com/en/blog/final-countdown-sharepoint-2010-support,SharePoint 2010 end of life: Extended support ends April 2021,SharePoint 2010 end of life: Extended support ends April 2021,Pinch and a punch for the first day of the month – and also a little nudge – as today marks 8 months and 13 […],,C,3
https://rencore.com/en/customers/success-stories/universitatsspital-basel,Rencore Governance Success Stories - Universitätsspital Basel,Governance Excellence in Healthcare,,Healthcare governance success story,B,0
https://rencore.com/en/use-case/optimize-secure-score-cyber-insurance,Maximize your M365 Secure Score and Save Millions of Dollars on your Cyber Insurance.,Maximize your M365 Secure Score and Save Millions of Dollars on your Cyber Insurance.,"Optimize M365 Secure Score, strengthen your security posture, and obtain cyber insurance at favorable terms with help from Rencore Governance.",M365 Secure Score,B,0
https://rencore.com/de/use-case/optimize-secure-score-cyber-insurance,M365 Secure Score Verbessern | Millionen Euro Bei Cyber-Versicherung Sparen | Rencore,Verbessern Sie Ihren M365 Secure Score und sparen Sie Millionen Euro bei Ihrer Cyber-Versicherung.,"Verbessern Sie Ihren M365 Secure Score mit Rencore Governance, minimieren Sie Risiken und sparen Sie Millionen bei Ihrer Cyber-Versicherung. Handeln Sie jetzt!",M365 Secure Score,B,0
https://rencore.com/en/features/microsoft-365-access-management,Easy Access Management | Centralized M365 Insights | Rencore Governance,Easy Microsoft 365 access & permissions management,Streamline your M365 governance with Rencore Governance. Easily review access and permissions across all services to enhance security and compliance. Start your free trial today.,Microsoft 365 access management,B,0
https://rencore.com/de/features/microsoft-365-access-management,Einfache Verwaltung von Zugriffsberechtigungen | Rencore Governance,Einfache Verwaltung von Zugriffsberechtigungen,"Entdecken Sie Rencore Governance, die umfassende M365-Governance-Lösung für effektive Zugriffsüberprüfungen und zentrale Verwaltung Ihrer Microsoft 365-Dienste. Starten Sie jetzt Ihre kostenlose Testversion!",Microsoft 365 access management,B,0
https://rencore.com/en/features/adoption,Track M365 Service Adoption | Optimize Governance | Rencore,Track and Optimize Service Adoption,"Track and optimize Microsoft 365 service adoption with Rencore Governance. Access insights, customizable policies, and comprehensive metrics to enhance business agility and usability.",Microsoft 365 adoption,B,0
https://rencore.com/en/blog/the-rise-of-microsoft-ai-agents-what-it-leaders-need-to-know-about-governance,The rise of Microsoft AI agents: What IT leaders need to know about governance,The rise of Microsoft AI agents: What IT leaders need to know about governance,"Explore Microsoft AI agents. Learn their use cases, understand the risks, and see best practices for secure, scalable governance.",,C,2
https://rencore.com/en/blog/author/matthias-einig,The Latest and Greatest in Microsoft 365 Governance | Blog | Rencore | Matthias Einig,,"Matthias is a Microsoft MVP, co-founder, and CEO at Rencore. His mission is to help enterprises stay in control of their Microsoft collaboration technology. Matthias and his team achieve this by providing insights, advice, and actionable ways to manage platform growth. Matthias is speaking at many conferences and community events all over the world and is one of the organizers of the European Collaboration Summit.",,C,2
https://rencore.com/en/features/microsoft-365-compliance,Complete Microsoft 365 Compliance | Dynamic Governance Solutions | Rencore,Complete Microsoft 365 Compliance,"Enhance your Microsoft 365 governance with Rencore Governance. Streamline compliance, track violations, and manage services effortlessly in one central platform. Start your free trial today.",Microsoft 365 compliance,B,0
https://rencore.com/de/features/microsoft-365-compliance,Einfache Compliance | Ihre M365-Dienste Im Blick | Rencore Governance,Einfache Compliance in Microsoft 365,"Optimieren Sie Ihre Microsoft 365-Governance mit Rencore Governance. Verfolgen Sie Compliance, nutzen Sie anpassbare Richtlinien und verwalten Sie Ihre Dienste zentral. Starten Sie eine kostenlose Testversion.",Microsoft 365 compliance,B,0
https://rencore.com/en/use-case/manage-microsoft-365-costs,Optimize Microsoft 365 costs with confidence | Rencore,Make Microsoft 365 cost optimization simple and scalable,"Optimize your Microsoft 365 costs by managing licenses, monitoring storage, and avoiding unexpected charges. Start your journey to efficient governance today.",Microsoft 365 cost optimization,A,0
https://rencore.com/en/cost-savings-calculator,Microsoft 365 Cost Savings | Do you know the real cost of your M365? | Rencore,Microsoft 365 Governance cost savings calculator,Discover how Rencore Governance can help your organization save up to $1.79 million by optimizing Microsoft 365 costs and streamlining governance across all platforms.,Microsoft 365 cost savings calculator,B,1
https://rencore.com/de/use-case/declutter-microsoft-365,M365 Wildwuchs Reduzieren | Governance Optimieren | Rencore,Meistern Sie den M365 Wildwuchs,Optimieren Sie Ihre Microsoft 365 Umgebung mit Rencore Governance. Identifizieren Sie ungenutzte Ressourcen und behalten Sie das Wachstum im Griff. Starten Sie jetzt Ihre kostenlose Testversion.,Microsoft 365 decluttering,B,0
https://rencore.com/en/use-case/microsoft-365-external-access,Microsoft 365 External Access and Sharing,Manage external access across Microsoft 365,Govern Microsoft 365 external access flexibly and keep external collaboration both under control and unrestricted.,Microsoft 365 external access,A,2
https://rencore.com/en/blog/teams-governance-best-practices-whitepaper,Free whitepaper! Microsoft Teams governance best practices,Free whitepaper! Microsoft Teams governance best practices,"This whitepaper focuses on the key aspects of Teams governance for ensuring smooth collaboration, operation and control over data in Teams.",,C,1
https://rencore.com/en/microsoft-365-governance,M365 Collaboration Governance - Rencore,,"Rencore Governance helps your organization stay in control of your Microsoft 365 collaboration. Look into user and channel activity, ensure data security and prevent oversharing.",Microsoft 365 governance,A,0
https://rencore.com/en/blog/author/matthias-seidel,The Latest and Greatest in Microsoft 365 Governance | Blog | Rencore | Matthias Seidel,,"Matthias, or Thias for the sake of distinguishing from all the other Matthiases here at Rencore, is the VP of Marketing at Rencore. He is passionate about helping make Microsoft 365 admins' lives easier by evangelizing about Rencore's mission, vision, and products.",,C,1
https://rencore.com/en/blog/author/jasper-oosterveld,The Latest and Greatest in Microsoft 365 Governance | Blog | Rencore | Jasper Oosterveld,,"Jasper Oosterveld is a Microsoft MVP and Data Security Consultant at Rubicon Cloud Advisor within the Netherlands. On a daily basis, he works with customers to implement the Modern Workplace with Microsoft 365. Jasper focuses on collaboration, governance and compliance. Jasper loves to share his expertise and love for Microsoft products with everyone who is willing to listen.",,C,1
https://rencore.com/en/blog/managing-and-monitoring-your-data-with-sensitivity-labels,Managing and monitoring your data with sensitivity labels,Managing and monitoring your data with sensitivity labels,"Manage and monitor sensitive data in Microsoft 365 with sensitivity labels to enhance security, prevent data leaks, and ensure compliance using Microsoft Purview and Rencore Governance tools.",,C,1
https://rencore.com/en/blog/how-govern-azure-ad,How to best govern Microsoft Azure Active Directory in your organization,How to best govern Microsoft Azure Active Directory in your organization,This blog post provides best practices to govern Azure AD and use it to its full potential in order to manage access across M365 and more.,,C,1
https://rencore.com/en/features/microsoft-365-governance-automation,Microsoft 365 Governance | Automate Compliance and Insights | Rencore,Your Microsoft 365 Governance on Autopilot,"Streamline your Microsoft 365 governance with Rencore. Automate compliance, manage services, and access insights effortlessly in one central place. Start your free trial today.",Microsoft 365 governance automation,B,0
https://rencore.com/de/features/microsoft-365-governance-automation,M365 Governance Automatisierung | Rencore Governance,Der Autopilot für Microsoft 365 Governance,Optimieren Sie Ihre Microsoft 365-Governance mit Rencore Governance. Nutzen Sie automatisierte Workflows und zentrale Einblicke für alle M365-Dienste. Starten Sie Ihre kostenlose Testversion!,Microsoft 365 Governance Automatisierung,B,2
https://rencore.com/en/features,Features overview - Rencore Governance,Governance Automation to stay in control of your Microsoft 365,"Learn more about the powerful governance automation features Rencore has to offer. Discover, monitor, understand and automate Microsoft 365 governance.",Microsoft 365 governance features,B,0
https://rencore.com/en/research-and-reports,Microsoft 365 Governance Insights | Analyst Reports and Research | Rencore,Analyst takes on Rencore Governance,"Explore analyst insights on Microsoft 365 Governance and Rencore Governance's advantages for enhanced security, cost efficiency, and adoption strategies.",Microsoft 365 governance insights,B,2
https://rencore.com/de/research-and-reports,Aktuelle Analysten-Berichte Zu Microsoft 365 Governance | Rencore,Analysten-Takes zu Rencore Governance,"Entdecken Sie aktuelle Analystenberichte zu Rencore Governance und erfahren Sie, wie Sie Microsoft 365 Governance optimieren und Risiken effektiv managen können.",Microsoft 365 governance insights,B,0
https://rencore.com/en/partners/find-a-partner,Find Your Governance Partner | Digital Transformation Solutions | Rencore,Find your Governance Partner,"Discover Rencore's partner network for digital workplace solutions, offering expertise in Microsoft technologies and tailored IT services to drive your business's digital transformation.",Microsoft 365 governance partner,B,0
https://rencore.com/de/features/microsoft-365-reporting,Microsoft 365 Berichte Und Dashboards | Rencore Governance,Einfaches Microsoft 365 Reports & Einblicke,"Optimieren Sie Ihre Microsoft 365 Governance mit Rencore. Erhalten Sie umfassende Einblicke, dynamische Berichte und automatisierte Dashboards für alle Dienste an einem zentralen Ort.",Microsoft 365 governance partner,B,0
https://rencore.com/en/customers/success-stories,Customer Success Stories - Rencore Governance,"Secure, Compliant, and Scalable: Rencore Success Stories",Learn how Rencore Governance customers successfully mastered Microsoft 365 governance for their organizations.,Microsoft 365 governance success stories,B,0
https://rencore.com/de/service/microsoft-copilot-governance,Sichere Nutzung Von Copilot | Effiziente AI Governance | Rencore,Sichere Nutzung von Copilot dank leistungsfähiger Governance,"Optimieren Sie die sichere Nutzung von Microsoft Copilot mit Rencore Governance. Verwalten Sie Zugriffsrechte, reduzieren Sie Lizenzkosten und automatisieren Sie Governance-Prozesse effizient.",Microsoft 365 governance success stories,B,0
https://rencore.com/en/get-started,Maximize Microsoft 365 Governance | Free Trial & Expert Support | Rencore,Start your free trial,Explore Rencore Governance's features for a secure Microsoft 365 environment. Watch our demo video or book a 15-minute meeting with our experts for personalized insights.,Microsoft 365 governance trial,B,0
https://rencore.com/en/get-started?hsCtaAttrib=191591073147,Maximize Microsoft 365 Governance | Free Trial & Expert Support | Rencore,Start your free trial,Explore Rencore Governance's features for a secure Microsoft 365 environment. Watch our demo video or book a 15-minute meeting with our experts for personalized insights.,Microsoft 365 governance trial,B,0
https://rencore.com/de/get-started,Optimale Zusammenarbeit Mit Rencore Governance | Kostenlose Trial Starten | Rencore,Kostenlose Trial starten,"Optimieren Sie die Zusammenarbeit in Microsoft 365 mit Rencore Governance. Sehen Sie sich unser Video an, buchen Sie eine Demo oder kontaktieren Sie uns für weitere Informationen.",Microsoft 365 governance trial,B,0
https://rencore.com/en/media/webinars,"Governing M365, Copilot and Power Platform | Free Webinars | Rencore",Watch free on-demand webinars,"Explore on-demand webinars on AI governance, Microsoft Secure Score, and Power Platform to enhance your business efficiency and security. Start your free trial today.",Microsoft 365 governance webinars,B,0
https://rencore.com/de/media/webinars,Die besten Microsoft 365 Governance Tipps - Rencore Webinare,Kostenlose Webinare on-demand ansehen,Registrieren Sie sich für unsere kommenden kostenlosen Webinare und sehen Sie sich vergangene Rencore-Webinare auf Abruf an.,Microsoft 365 governance webinars,B,0
https://rencore.com/en/features/microsoft-365-inventory,Full Visibility Into Microsoft 365 Services | Rencore Governance,Full visibility into Microsoft 365,"Discover Rencore Governance's deep inventory solution for Microsoft 365, uniting insights from various services to enhance compliance and governance. Start your free trial today.",Microsoft 365 inventory,B,0
https://rencore.com/de/features/microsoft-365-inventory,Volle Transparenz Für Microsoft 365 | Rencore Governance | Jetzt Starten,Volle Transparenz für Microsoft 365,"Erhalten Sie umfassende Einblicke in Microsoft 365-Dienste mit Rencore Governance. Entdecken Sie eine zentrale Lösung für Inventarisierung, Compliance und tiefgehende Analysen.",Microsoft 365 inventory,B,0
https://rencore.com/de/use-case/manage-microsoft-365-costs,Kostenoptimierung Für Microsoft 365 | Entrümpeln Sie Speicher und Lizenzen | Rencore,Optimieren Sie die Kosten von Microsoft 365,"Optimieren Sie Ihre Microsoft 365-Kosten durch die Identifizierung ungenutzter Lizenzen, das Überwachen von Speicherkapazitäten und die Vermeidung versteckter Gebühren.",Microsoft 365 Kostenoptimierung,B,1
https://rencore.com/en/features/microsoft-365-lifecycle-governance,Maximize M365 Governance | Prevent Downtime & Optimize Services | Rencore,Microsoft 365 Lifecycle Management,"Optimize your Microsoft 365 governance with Rencore Governance. Monitor services, prevent downtime, and streamline operations for enhanced productivity. Start your free trial today.",Microsoft 365 lifecycle governance,A,7
https://rencore.com/de/features/microsoft-365-lifecycle-governance,Microsoft 365 Lebenszyklus-Management,Microsoft 365 Lebenszyklus-Management,"Schließen Sie die Lücken, die eine erfolgreiche Benutzerakzeptanz hinterlässt, und integrieren Sie noch heute Microsoft 365 Operational Governance mit Rencore Governance.",Microsoft 365 lifecycle management,B,0
https://rencore.com/en/features/microsoft-365-provisioning,Frictionless Microsoft 365 Provisioning | Centralized Cloud Services Insights | Rencore Governance,Speed up IT with frictionless Microsoft 365 provisioning,Streamline your Microsoft 365 governance with Rencore Governance. Access customizable provisioning templates and manage all services from one central platform. Start your free trial today.,Microsoft 365 provisioning,B,0
https://rencore.com/de/features/microsoft-365-provisionig,M365 Governance Lösung | Effiziente Provisionierung | Rencore Governance,Der IT Turbo dank reibunsloser Provisionierung in Microsoft 365,"Erleben Sie mit Rencore Governance eine umfassende M365-Governance-Lösung, die Provisionierung, Vorlagen und Steuerung für alle Microsoft-Dienste zentralisiert. Starten Sie jetzt Ihre kostenlose Testversion.",Microsoft 365 provisioning,B,0
https://rencore.com/en/features/microsoft-365-reporting,Comprehensive Microsoft 365 Governance Insights | Rencore Governance,Comprehensive Microsoft 365 reporting,"Discover comprehensive reporting and governance for Microsoft 365 services with Rencore Governance. Visualize key metrics, automate reporting, and enhance operational insights in one central dashboard.",Microsoft 365 reporting,B,0
https://rencore.com/de/features/tenant-segmentation,Tenant-Segmentierung für Optimale M365 Governance | Rencore,Tenant-Segmentierung,Steuern Sie Ihre M365-Governance mit Rencore Governance. Nutzen Sie flexible Tenant-Segmentierung für optimale Kontrolle und Effizienz in Ihren Arbeitsbereichen. Starten Sie jetzt Ihre Testversion.,Microsoft 365 reporting,B,0
https://rencore.com/de/resources,Cloud Governance Wissen | Microsoft 365 Kontrolle | Rencore,Unser gebündeltes Cloud Governance Wissen,"Entdecken Sie unsere Ressourcen zur Cloud Governance für Microsoft 365, einschließlich Checklisten, Webinaren und Whitepapers, um Sicherheitsmaßnahmen und Effizienz zu maximieren.",Microsoft 365 resources,B,0
https://rencore.com/en/use-case/microsoft-365-user-offboarding,Microsoft M365 User Offboarding,Easily offboard Microsoft 365 users,"Easily offboard Microsoft 365 users by preserving relevant data, removing access and reassign licenses with Rencore Governance today.",Microsoft 365 user offboarding,A,1
https://rencore.com/en/use-case/microsoft-365-visibility,Visibility into all your Microsoft 365,Achieve full visibility across Microsoft 365,Achieve comprehensive visibility into your Microsoft 365 environment and create a foundation for a powerful governance plan.,Microsoft 365 visibility,A,0
https://rencore.com/de/use-case/m365-visibility,Volle Transparenz über Microsoft 365 | Behalten Sie den Überblick | Rencore,Erzielen Sie volle Transparenz über Microsoft 365,"Erhalten Sie volle Transparenz über Microsoft 365 mit Rencore Governance. Zentralisieren Sie Daten, überwachen Sie Aktivitäten und treffen Sie fundierte Entscheidungen in Echtzeit.",Microsoft 365 visibility,B,0
https://rencore.com/de/service/microsoft-loop-governance,Microsoft Loop Governance | Effiziente Verwaltung von Loop-Komponenten | Rencore,"Nahtlose, sichere Zusammenarbeit mit Microsoft Loop","Optimieren Sie die Governance von Microsoft Loop mit Rencore Governance. Überwachen Sie Komponenten, steuern Sie Zugriffe und fördern Sie sichere Zusammenarbeit in Ihrem Unternehmen.",Microsoft Loop governance,B,0
https://rencore.com/en/blog,The Latest and Greatest in Microsoft 365 Governance | Blog | Rencore,,Discover how AI governance can enhance your business success and provide a competitive advantage in today’s innovation-driven landscape. Stay informed with our latest insights and strategies.,,C,0
https://rencore.com/en/service/microsoft-teams-governance,Microsoft Teams Governance Simplified | Automate and Control | Rencore,"Master Microsoft Teams governance with Rencore: Effortless control, maximum value","Streamline Microsoft Teams governance with Rencore. Automate lifecycle management, control guest access, and ensure compliance for a secure and organized collaboration environment.",Microsoft Teams governance,A,5
https://rencore.com/en/blog/governing-the-age-of-ai-introducing-copilot-agent-governance-and-power-platform-governance,Governing the Age of AI: Introducing Copilot & Agent Governance and Power Platform Governance,Governing the Age of AI: Introducing Copilot & Agent Governance and Power Platform Governance,"Discover how Rencore's new governance modules for Copilot, agents, and the Power Platform can help you innovate securely and control costs seamlessly in the age of AI.",,C,0
https://rencore.com/en/blog/webinar-qna-deep-dive-ai-copilot-studio,Webinar Q&A: AI meets low-code development: A deep dive into Copilot Studio,Webinar Q&A: AI meets low-code development: A deep dive into Copilot Studio,"In this blog post, we have collected all the audience questions that came in during the webinar 'AI meets low-code development: A deep dive into Copilot Studio.'",,C,0
https://rencore.com/en/privacy-notice,Privacy Notice - Rencore,Privacy Notice,"Rencore GmbH's privacy notice outlines how we collect, process, and protect your personal information when using our services. Understand your rights and our practices.",N/A,B,0
https://rencore.com/de/microsoft-365-governance,Cloud Collaboration Governance | Kontrolle über Microsoft 365 | Rencore,,"Steuern Sie die Zusammenarbeit in Microsoft 365 mit Rencore Governance. Erhalten Sie Transparenz, minimieren Sie Risiken und optimieren Sie Lizenzkosten für eine sichere Nutzung.",N/A,B,0
https://rencore.com/de/features/nova-app,Nova App - Rencore Governance,Beziehen Sie Endnutzer in Ihre Governance-Prozesse ein,"Integrieren Sie die neue Nova App in Ihre Bereitstellungsprozesse, um die geschäftliche Zusammenarbeit und das Management für Benutzer und Administratoren zu erleichtern.",Nova App,A,42
https://rencore.com/en/features/nova-app,Democratize Governance | Empower End Users | Rencore,Democratization of Governance with our Teams App,"Empower your teams with Rencore Governance, the comprehensive M365 solution for efficient collaboration, customized governance, and seamless access to essential information directly within Teams.",Nova App,C,4
https://rencore.com/de/use-case/tenant-to-tenant-migration-m365,Sichere Migration Von Office 365 | Risiken Minimieren | Rencore,"Sichere, schnelle und risikofreie Migration von Office 365 von Mieter zu Mieter",Erleben Sie eine sichere und effiziente Migration von Office 365 mit Rencore Governance. Minimieren Sie Risiken und gewinnen Sie vollständige Transparenz über Ihre Microsoft 365-Dienste.,Office 365 Migration,B,1
https://rencore.com/en/blog/sharepoint-onedrive-governance,SharePoint and OneDrive governance,SharePoint and OneDrive governance,Learn what to look out for when managing SharePoint and OneDrive and understand what makes a solid governance strategy.,,C,0
https://rencore.com/en/service/microsoft-power-bi-governance,Microsoft Power BI Governance - Rencore,Prevent data oversharing and data silos with Power BI governance,Power BI Governance: prevent data oversharing and centralize your data intelligence management with Rencore Governance.,Power BI governance,A,5
https://rencore.com/en/blog/organizations-sharepoint-governance-plans-fail-because-poor-execution,Do your organization’s SharePoint governance plans fail because of poor execution?,Do your organization’s SharePoint governance plans fail because of poor execution?,"Every organization should have a SharePoint governance plan in place, so all stakeholders know their responsibilities, and you can monitor the state of your environment. […]",,C,0
https://rencore.com/en/blog/what-is-governance-define-strategy,What is Governance – Define your Strategy,What is Governance – Define your Strategy,"As mentioned in part one of this two part blog series: What is Governance – Getting Started, the most difficult part of creating a SharePoint governance […]",,C,0
https://rencore.com/en/power-platform-governance,Power Platform Governance - Rencore,The no-code/low-code governance software designed for Power Platform control,"Combine Rencore Governance and Power Platform to manage all services, apps, and govern users, licenses and activities centrally. Try now for free!",Power Platform governance,A,0
https://rencore.com/en/blog/tag/cloud-governance,The Latest and Greatest in Microsoft 365 Governance | Blog | Rencore | Cloud Governance,,Cloud Governance | Discover how AI governance can enhance your business success and provide a competitive advantage in today’s innovation-driven landscape. Stay informed with our latest insights and strategies.,,C,0
https://rencore.com/en/blog/rencore-governance-in-retrospect,Rencore Governance in retrospect 2025 - Rencore,Happy Holiday Season! Rencore Governance in Retrospect 2025,"Rencore Governance's 2025 review highlights innovations in security, automation, and user experience, ensuring seamless control and productivity in evolving Microsoft 365 environments.",,C,0
https://rencore.com/en/blog/tag/compliance,The Latest and Greatest in Microsoft 365 Governance | Blog | Rencore | Compliance,,Compliance | Discover how AI governance can enhance your business success and provide a competitive advantage in today’s innovation-driven landscape. Stay informed with our latest insights and strategies.,,C,0
https://rencore.com/en/blog/managing-and-monitoring-your-data-with-retention-labels,Managing and monitoring your data with retention labels,Managing and monitoring your data with retention labels,"Learn how to manage and monitor your data with Microsoft 365 retention labels to ensure compliance, optimize storage, and improve data accuracy.",,C,0
https://rencore.com/en/blog/tag/company-news-events,The Latest and Greatest in Microsoft 365 Governance | Blog | Rencore | Company News & Events,,Company News & Events | Discover how AI governance can enhance your business success and provide a competitive advantage in today’s innovation-driven landscape. Stay informed with our latest insights and strategies.,,C,0
https://rencore.com/en/blog/tag/most-popular,The Latest and Greatest in Microsoft 365 Governance | Blog | Rencore | Most Popular,,Most Popular | Discover how AI governance can enhance your business success and provide a competitive advantage in today’s innovation-driven landscape. Stay informed with our latest insights and strategies.,,C,0
https://rencore.com/en/blog/top-10-microsoft-365-governance-automations,Top 10 Microsoft 365 Governance Automations: Transforming Chaos into Control,Top 10 Microsoft 365 Governance Automations: Transforming Chaos into Control,Learn the top 10 ways to automate Microsoft 365 governance today. Read more.,,C,0
https://rencore.com/en/blog/tag/cost-optimization-licensing,The Latest and Greatest in Microsoft 365 Governance | Blog | Rencore | Cost Optimization & Licensing,,Cost Optimization & Licensing | Discover how AI governance can enhance your business success and provide a competitive advantage in today’s innovation-driven landscape. Stay informed with our latest insights and strategies.,,C,0
https://rencore.com/en/blog/page/53,The Latest and Greatest in Microsoft 365 Governance | Blog | Rencore (53),,Discover how AI governance can enhance your business success and provide a competitive advantage in today’s innovation-driven landscape. Stay informed with our latest insights and strategies. (53),,C,0
https://rencore.com/en/blog/tag/cloud-management,The Latest and Greatest in Microsoft 365 Governance | Blog | Rencore | Cloud management,,Cloud management | Discover how AI governance can enhance your business success and provide a competitive advantage in today’s innovation-driven landscape. Stay informed with our latest insights and strategies.,,C,0
https://rencore.com/en/blog/page/5,The Latest and Greatest in Microsoft 365 Governance | Blog | Rencore (5),,Discover how AI governance can enhance your business success and provide a competitive advantage in today’s innovation-driven landscape. Stay informed with our latest insights and strategies. (5),,C,0
https://rencore.com/en/blog/page/4,The Latest and Greatest in Microsoft 365 Governance | Blog | Rencore (4),,Discover how AI governance can enhance your business success and provide a competitive advantage in today’s innovation-driven landscape. Stay informed with our latest insights and strategies. (4),,C,0
https://rencore.com/en/blog/ai-governance-for-microsoft-365-from-copilot-risks-to-eu-ai-act-readiness,AI governance for Microsoft 365: From Copilot risks to EU AI Act readiness,AI governance for Microsoft 365: From Copilot risks to EU AI Act readiness,"With tools like M365 Copilot, AI is everywhere. Our guide to AI governance explains how to manage risks and meet EU AI Act compliance in your M365 environment.",,C,0
https://rencore.com/en/blog/page/1,The Latest and Greatest in Microsoft 365 Governance | Blog | Rencore,,Discover how AI governance can enhance your business success and provide a competitive advantage in today’s innovation-driven landscape. Stay informed with our latest insights and strategies.,,C,0
https://rencore.com/en/blog/page/6,The Latest and Greatest in Microsoft 365 Governance | Blog | Rencore (6),,Discover how AI governance can enhance your business success and provide a competitive advantage in today’s innovation-driven landscape. Stay informed with our latest insights and strategies. (6),,C,0
https://rencore.com/en/blog/tag/collaboration-governance,The Latest and Greatest in Microsoft 365 Governance | Blog | Rencore | Collaboration Governance,,Collaboration Governance | Discover how AI governance can enhance your business success and provide a competitive advantage in today’s innovation-driven landscape. Stay informed with our latest insights and strategies.,,C,0
https://rencore.com/en/blog/page/2,The Latest and Greatest in Microsoft 365 Governance | Blog | Rencore (2),,Discover how AI governance can enhance your business success and provide a competitive advantage in today’s innovation-driven landscape. Stay informed with our latest insights and strategies. (2),,C,0
https://rencore.com/en/blog/page/3,The Latest and Greatest in Microsoft 365 Governance | Blog | Rencore (3),,Discover how AI governance can enhance your business success and provide a competitive advantage in today’s innovation-driven landscape. Stay informed with our latest insights and strategies. (3),,C,0
https://rencore.com/en/blog/agent-365-governance-challenge,Agent 365 and the Governance Challenge Ahead,Agent 365 and the Governance Challenge Ahead,Navigating the shift to agent-based work in Microsoft 365 requires robust environment governance. Learn how Agent 365 and Rencore Governance can support this transformation effectively.,,C,0
https://rencore.com/en/blog/tag/ai-governance,The Latest and Greatest in Microsoft 365 Governance | Blog | Rencore | AI Governance,,AI Governance | Discover how AI governance can enhance your business success and provide a competitive advantage in today’s innovation-driven landscape. Stay informed with our latest insights and strategies.,,C,0
https://rencore.com/en/blog/ai-regulation-in-europe-your-guide-to-the-eu-ai-act-and-microsoft-365-compliance,AI regulation in Europe: Your guide to the EU AI Act and Microsoft 365 compliance,AI regulation in Europe: Your guide to the EU AI Act and Microsoft 365 compliance,"Discover how the EU AI Act shapes AI regulation in Europe. Learn what it means for Microsoft 365 and Copilot, with clear steps to stay compliant.",,C,0
https://rencore.com/en/blog/author/lee,The Latest and Greatest in Microsoft 365 Governance | Blog | Rencore | Lee Sellen,,"Lee is the Product Marketing Lead at Rencore. He writes about a broad array of topics ranging from corporate, solution and product news to high-level SharePoint and Office 365 governance, modernization and risk topics. Lee is in charge of Rencore's research and reports unit aiming to gain new insights into how users work with SharePoint and Office 365. A passionate writer in all areas, he also covers Rencore events, webinars and other online activities.",,C,0
https://rencore.com/en/blog/tag/lifecycle-automation,The Latest and Greatest in Microsoft 365 Governance | Blog | Rencore | Lifecycle & Automation,,Lifecycle & Automation | Discover how AI governance can enhance your business success and provide a competitive advantage in today’s innovation-driven landscape. Stay informed with our latest insights and strategies.,,C,0
https://rencore.com/en/blog/ai-compliance-your-strategic-guide-to-secure-and-scalable-ai,AI compliance: Your strategic guide to secure and scalable AI,AI compliance: Your strategic guide to secure and scalable AI,"AI compliance is no longer optional. Learn how a strategic approach to AI compliance builds trust, mitigates risk, and unlocks secure, scalable innovation.",,C,0
https://rencore.com/en/blog/tag/rencore-code,The Latest and Greatest in Microsoft 365 Governance | Blog | Rencore | Rencore Code,,Rencore Code | Discover how AI governance can enhance your business success and provide a competitive advantage in today’s innovation-driven landscape. Stay informed with our latest insights and strategies.,,C,0
https://rencore.com/en/blog/author/admin,The Latest and Greatest in Microsoft 365 Governance | Blog | Rencore | Rencore,,"Rencore is a B2B software company providing award-winning solutions essential for organizations to stay in control of Microsoft 365, Copilot, AI Agents, and the Power Platform. Our customers rely on our tools to simplify, automate, and speed up their everyday sprawl, cost, risk, and compliance challenges.",,C,0
https://rencore.com/en/blog/tag/sharepoint-governance-modernization,The Latest and Greatest in Microsoft 365 Governance | Blog | Rencore | SharePoint Governance & Modernization,,SharePoint Governance & Modernization | Discover how AI governance can enhance your business success and provide a competitive advantage in today’s innovation-driven landscape. Stay informed with our latest insights and strategies.,,C,0
https://rencore.com/en/blog/how-to-control-agent-sprawl-in-microsoft-365-rencore,How to Control Agent Sprawl in Microsoft 365 - Rencore,How to Control Agent Sprawl in Microsoft 365,"Learn how to manage agent sprawl in Microsoft 365 with best practices and Rencore Governance to ensure security, compliance, and cost control.",,C,0
https://rencore.com/en/blog/tag/security-risk-management,The Latest and Greatest in Microsoft 365 Governance | Blog | Rencore | Security & Risk Management,,Security & Risk Management | Discover how AI governance can enhance your business success and provide a competitive advantage in today’s innovation-driven landscape. Stay informed with our latest insights and strategies.,,C,0
https://rencore.com/en/blog/managing-and-monitoring-your-data-with-data-loss-prevention,Managing and monitoring your data with Data Loss Prevention,Managing and monitoring your data with Data Loss Prevention,Learn how to manage and monitor sensitive data in Microsoft 365 with Data Loss Prevention to reduce unauthorized access and ensure data security.,,C,0
https://rencore.com/en/blog/tag/technical-guides-developer-topics,The Latest and Greatest in Microsoft 365 Governance | Blog | Rencore | Technical Guides & Developer Topics,,Technical Guides & Developer Topics | Discover how AI governance can enhance your business success and provide a competitive advantage in today’s innovation-driven landscape. Stay informed with our latest insights and strategies.,,C,0
https://rencore.com/en/blog/tag/cloud-management-strategy,The Latest and Greatest in Microsoft 365 Governance | Blog | Rencore | Cloud Management & Strategy,,Cloud Management & Strategy | Discover how AI governance can enhance your business success and provide a competitive advantage in today’s innovation-driven landscape. Stay informed with our latest insights and strategies.,,C,0
https://rencore.com/en/blog/tag/no-code-low-code-governance,The Latest and Greatest in Microsoft 365 Governance | Blog | Rencore | No-code/low-code governance,,No-code/low-code governance | Discover how AI governance can enhance your business success and provide a competitive advantage in today’s innovation-driven landscape. Stay informed with our latest insights and strategies.,,C,0
https://rencore.com/en/blog/press-release-rencore-extends-series-a-to-usd-15-million-to-accelerate-ai-governance-growth-and-international-expansion,PRESS RELEASE: Rencore extends Series A to USD 15 million to accelerate AI governance growth and international expansion,PRESS RELEASE: Rencore extends Series A to USD 15 million to accelerate AI governance growth and international expansion,"Rencore extends Series A funding to USD 15 million, led by Hi Inov, to accelerate AI governance growth and expand internationally.",,C,0
https://rencore.com/en/blog/tag/cloud-management-strategy/page/6,The Latest and Greatest in Microsoft 365 Governance | Blog | Rencore | Cloud Management & Strategy (6),,Cloud Management & Strategy | Discover how AI governance can enhance your business success and provide a competitive advantage in today’s innovation-driven landscape. Stay informed with our latest insights and strategies. (6),,C,0
https://rencore.com/en/blog/tag/ai-governance/page/2,The Latest and Greatest in Microsoft 365 Governance | Blog | Rencore | AI Governance (2),,AI Governance | Discover how AI governance can enhance your business success and provide a competitive advantage in today’s innovation-driven landscape. Stay informed with our latest insights and strategies. (2),,C,0
https://rencore.com/en/blog/tag/ai-governance/page/1,The Latest and Greatest in Microsoft 365 Governance | Blog | Rencore | AI Governance,,AI Governance | Discover how AI governance can enhance your business success and provide a competitive advantage in today’s innovation-driven landscape. Stay informed with our latest insights and strategies.,,C,0
https://rencore.com/en/blog/author/lee/page/3,The Latest and Greatest in Microsoft 365 Governance | Blog | Rencore | Lee Sellen (3),,"Lee is the Product Marketing Lead at Rencore. He writes about a broad array of topics ranging from corporate, solution and product news to high-level SharePoint and Office 365 governance, modernization and risk topics. Lee is in charge of Rencore's research and reports unit aiming to gain new insights into how users work with SharePoint and Office 365. A passionate writer in all areas, he also covers Rencore events, webinars and other online activities. (3)",,C,0
https://rencore.com/en/blog/author/lee/page/4,The Latest and Greatest in Microsoft 365 Governance | Blog | Rencore | Lee Sellen (4),,"Lee is the Product Marketing Lead at Rencore. He writes about a broad array of topics ranging from corporate, solution and product news to high-level SharePoint and Office 365 governance, modernization and risk topics. Lee is in charge of Rencore's research and reports unit aiming to gain new insights into how users work with SharePoint and Office 365. A passionate writer in all areas, he also covers Rencore events, webinars and other online activities. (4)",,C,0
https://rencore.com/en/blog/author/lee/page/1,The Latest and Greatest in Microsoft 365 Governance | Blog | Rencore | Lee Sellen,,"Lee is the Product Marketing Lead at Rencore. He writes about a broad array of topics ranging from corporate, solution and product news to high-level SharePoint and Office 365 governance, modernization and risk topics. Lee is in charge of Rencore's research and reports unit aiming to gain new insights into how users work with SharePoint and Office 365. A passionate writer in all areas, he also covers Rencore events, webinars and other online activities.",,C,0
https://rencore.com/en/blog/author/lee/page/2,The Latest and Greatest in Microsoft 365 Governance | Blog | Rencore | Lee Sellen (2),,"Lee is the Product Marketing Lead at Rencore. He writes about a broad array of topics ranging from corporate, solution and product news to high-level SharePoint and Office 365 governance, modernization and risk topics. Lee is in charge of Rencore's research and reports unit aiming to gain new insights into how users work with SharePoint and Office 365. A passionate writer in all areas, he also covers Rencore events, webinars and other online activities. (2)",,C,0
https://rencore.com/en/blog/author/lee/page/5,The Latest and Greatest in Microsoft 365 Governance | Blog | Rencore | Lee Sellen (5),,"Lee is the Product Marketing Lead at Rencore. He writes about a broad array of topics ranging from corporate, solution and product news to high-level SharePoint and Office 365 governance, modernization and risk topics. Lee is in charge of Rencore's research and reports unit aiming to gain new insights into how users work with SharePoint and Office 365. A passionate writer in all areas, he also covers Rencore events, webinars and other online activities. (5)",,C,0
https://rencore.com/en/blog/author/david-sass,The Latest and Greatest in Microsoft 365 Governance | Blog | Rencore | David Sass,,"David is a highly skilled SharePoint Guy who is focusing on Automation, Compliance, Security, Operational Excellence, Quality Assurance and hacking the unexpected out from the technology stack. He works as a Services Reliability Engineer at Rencore.",,C,0
https://rencore.com/en/blog/webinar-manage-external-access-microsoft-365,Webinar: How to manage external access across Microsoft 365,Webinar: How to manage external access across Microsoft 365,"Sign up for this free webinar with Björn Erkens, Product Owner of Rencore Governance, and learn how to manage external access across Microsoft 365.",,C,0
https://rencore.com/en/blog/author/waldek-mastykarz,The Latest and Greatest in Microsoft 365 Governance | Blog | Rencore | Waldek Mastykarz,,"Waldek is a Cloud Developer Advocate at Microsoft focusing on Microsoft 365. In this role, he helps developers build applications on top of Microsoft 365. He's also a part of Microsoft 365 Patterns and Practices where he builds developer guidance and tooling for extending Microsoft 365 together with the community. Before joining Microsoft, Waldek was heading the Product Department at Rencore reinforces our product development by adding loads of business experience. For sharing his experience through his blog, speaking, and social media, Waldek was a 12-time Microsoft MVP.",,C,0
https://rencore.com/en/blog/top-3-features-spcaf-developer-edition,My Top 3 Features of SPCAF Developer,My Top 3 Features of SPCAF Developer,"Introduction SPCAF, or the SharePoint Code Analysis Framework, comes with some pretty exciting features which a lot of different roles in an organization can utilize. […]",,C,0
https://rencore.com/en/blog/author/chrissi-hartl,The Latest and Greatest in Microsoft 365 Governance | Blog | Rencore | Chrissi Hartl,,Chrissi is the Marketing Operations Manager at Rencore. She loves to plan and be at events and is responsible for all things Social Media.,,C,0
https://rencore.com/en/blog/tag/lifecycle-automation/page/1,The Latest and Greatest in Microsoft 365 Governance | Blog | Rencore | Lifecycle & Automation,,Lifecycle & Automation | Discover how AI governance can enhance your business success and provide a competitive advantage in today’s innovation-driven landscape. Stay informed with our latest insights and strategies.,,C,0
https://rencore.com/en/blog/spcaf-report-autumn-2019,The SPCAF Report: Autumn 2019,The SPCAF Report: Autumn 2019,This blog series aims to provide readers with a report on how users are currently using SPCAF. It compares data from previous months to help […],,C,0
https://rencore.com/en/blog/sharepoint-framework-challenges-part-two,SharePoint Framework challenges – part 2,SharePoint Framework challenges – part 2,We have to stay up to date when it comes to modern customization approaches. Practices that were not as relevant in the past are now […],,C,0
https://rencore.com/en/blog/webinar-special-about-sharepoint-code-analysis,On-Demand Webinar: What’s so special about SharePoint code analysis,On-Demand Webinar: What’s so special about SharePoint code analysis,"As promised, we are ramping up our webinars for you guys, so you can focus on personal development while staying home and healthy. Check out […]",,C,0
https://rencore.com/en/blog/sharepoint-framework-tips-better-sharepoint-solutions,5 SharePoint Framework tips for better SharePoint solutions,5 SharePoint Framework tips for better SharePoint solutions,"Once again, I have been scanning the Rencore archives, and here are 5 SharePoint Framework tips from the blog posts of MVP and Head of […]",,C,0
https://rencore.com/en/blog/tag/rencore-code/page/13,The Latest and Greatest in Microsoft 365 Governance | Blog | Rencore | Rencore Code (13),,Rencore Code | Discover how AI governance can enhance your business success and provide a competitive advantage in today’s innovation-driven landscape. Stay informed with our latest insights and strategies. (13),,C,0
https://rencore.com/en/blog/why-analyze-sharepoint-framework-code,Webinar March 2020: Why you should analyze your SharePoint Framework code,Webinar March 2020: Why you should analyze your SharePoint Framework code,"On March 4th, our very own 11-time Microsoft MVP, Waldek Mastykarz will join our host Bjoern Erkens to discuss why you should analyze your SharePoint […]",,C,0
https://rencore.com/en/blog/farm-solutions-vs-sharepoint-framework,Farm solutions vs. SharePoint Framework (SPFx),Farm solutions vs. SharePoint Framework (SPFx),"The common ground for all of us developers is how we used to extend SharePoint in the past. We built farm solutions, and there were […]",,C,0
https://rencore.com/en/blog/manual-vs-automatic-spfx-package-analysis,Manual vs. automatic SPFx package analysis,Manual vs. automatic SPFx package analysis,"We are now into the fourth blog article in this SPFx blog series, so by now, you understand the advantages and challenges SPFx offers for […]",,C,0
https://rencore.com/en/blog/sharepoint-code-quality-rencore-code-spcaf-release,New Release: SharePoint code quality with Rencore Code (SPCAF) v7.14,New Release: SharePoint code quality with Rencore Code (SPCAF) v7.14,"Since its launch to the public in 2013, Rencore Code (SPCAF) has enabled users to assure SharePoint code quality. With its continuous updates, the flagship […]",,C,0
https://rencore.com/en/blog/sharepoint-framework-challenges-part-one,SharePoint Framework challenges – part 1,SharePoint Framework challenges – part 1,"In the past, developers would build code, and most code that went through a package would be self-written. Maybe, at some point, there would be […]",,C,0
https://rencore.com/en/blog/tag/rencore-code/page/2,The Latest and Greatest in Microsoft 365 Governance | Blog | Rencore | Rencore Code (2),,Rencore Code | Discover how AI governance can enhance your business success and provide a competitive advantage in today’s innovation-driven landscape. Stay informed with our latest insights and strategies. (2),,C,0
https://rencore.com/en/blog/tag/rencore-code/page/4,The Latest and Greatest in Microsoft 365 Governance | Blog | Rencore | Rencore Code (4),,Rencore Code | Discover how AI governance can enhance your business success and provide a competitive advantage in today’s innovation-driven landscape. Stay informed with our latest insights and strategies. (4),,C,0
https://rencore.com/en/blog/tag/rencore-code/page/3,The Latest and Greatest in Microsoft 365 Governance | Blog | Rencore | Rencore Code (3),,Rencore Code | Discover how AI governance can enhance your business success and provide a competitive advantage in today’s innovation-driven landscape. Stay informed with our latest insights and strategies. (3),,C,0
https://rencore.com/en/blog/power-automate-connector-spcaf,The Rencore Power Automate Connector driven by SPCAF,The Rencore Power Automate Connector driven by SPCAF,"It’s always great to start an event week with some exciting news, and this week at ESPC it’s no different because we can confirm the […]",,C,0
https://rencore.com/en/blog/tag/rencore-code/page/5,The Latest and Greatest in Microsoft 365 Governance | Blog | Rencore | Rencore Code (5),,Rencore Code | Discover how AI governance can enhance your business success and provide a competitive advantage in today’s innovation-driven landscape. Stay informed with our latest insights and strategies. (5),,C,0
https://rencore.com/en/blog/tag/rencore-code/page/1,The Latest and Greatest in Microsoft 365 Governance | Blog | Rencore | Rencore Code,,Rencore Code | Discover how AI governance can enhance your business success and provide a competitive advantage in today’s innovation-driven landscape. Stay informed with our latest insights and strategies.,,C,0
https://rencore.com/en/blog/production-spfx-code-slipping-through-net,In production: SPFx code slipping through the net,In production: SPFx code slipping through the net,"SharePoint Framework (SPFx), the industry-standard model for building customizations on the SharePoint platform, is now over four years old. Using SPFx, you can build client-side […]",,C,0
https://rencore.com/en/blog/tag/rencore-code/page/6,The Latest and Greatest in Microsoft 365 Governance | Blog | Rencore | Rencore Code (6),,Rencore Code | Discover how AI governance can enhance your business success and provide a competitive advantage in today’s innovation-driven landscape. Stay informed with our latest insights and strategies. (6),,C,0
https://rencore.com/en/blog/how-control-office-365_customizations,Uncontrolled growth: How to control Office 365 customizations in 5 steps,Uncontrolled growth: How to control Office 365 customizations in 5 steps,"The Rencore blog is a treasure trove of SharePoint and Office 365 information. For this article, I have explored the vaults and uncovered 5 ways […]",,C,0
https://rencore.com/en/blog/start-now-plan-migration-from-sharepoint-2013,Start now! Plan your migration from SharePoint 2013,Start now! Plan your migration from SharePoint 2013,"Although Microsoft moved the extended support deadline for SharePoint Server 2010 forward to April 2021, SharePoint 2013 is on course for its November 4th, 2023 […]",,C,0
https://rencore.com/en/blog/your-sharepoint-office-365-migration-roadmap,Webinar January 2020: Your SharePoint & Office 365 migration roadmap in a day,Webinar January 2020: Your SharePoint & Office 365 migration roadmap in a day,"New year, and a new Rencore webinar! We’re kicking things off with a migration special! On January 22nd, our special guest, 9-time MVP, and migration […]",,C,0
https://rencore.com/en/blog/hasten-digital-transformation-rise-digital-economy,Hasten digital transformation? Digital economy 2020 and beyond.,Hasten digital transformation? Digital economy 2020 and beyond.,It’s certainly no secret that we are in an era of digitization and transformation. The digital revolution has been ongoing throughout this entire century and […],,C,0
https://rencore.com/en/blog/tag/sharepoint-governance-modernization/page/1,The Latest and Greatest in Microsoft 365 Governance | Blog | Rencore | SharePoint Governance & Modernization,,SharePoint Governance & Modernization | Discover how AI governance can enhance your business success and provide a competitive advantage in today’s innovation-driven landscape. Stay informed with our latest insights and strategies.,,C,0
https://rencore.com/en/blog/tag/sharepoint-governance-modernization/page/3,The Latest and Greatest in Microsoft 365 Governance | Blog | Rencore | SharePoint Governance & Modernization (3),,SharePoint Governance & Modernization | Discover how AI governance can enhance your business success and provide a competitive advantage in today’s innovation-driven landscape. Stay informed with our latest insights and strategies. (3),,C,0
https://rencore.com/en/blog/tag/sharepoint-governance-modernization/page/2,The Latest and Greatest in Microsoft 365 Governance | Blog | Rencore | SharePoint Governance & Modernization (2),,SharePoint Governance & Modernization | Discover how AI governance can enhance your business success and provide a competitive advantage in today’s innovation-driven landscape. Stay informed with our latest insights and strategies. (2),,C,0
https://rencore.com/en/blog/perfect-migration-microsoft-365-rencore-threewill-partnership,The perfect migration to Microsoft 365: Rencore and ThreeWill partnership,The perfect migration to Microsoft 365: Rencore and ThreeWill partnership,We are delighted to announce our partnership with U.S.-based solution provider ThreeWill. The partnership combines our best-in-class migration software and ThreeWill’s leading-edge consulting to provide […],,C,0
https://rencore.com/en/blog/future-technology-predictions-2021-digital-transformation-automation-governance,"Future technology predictions 2021: digital transformation, automation, governance","Future technology predictions 2021: digital transformation, automation, governance","If you need confirmation that predictions are not cast in stone, look back at 2020.  At the beginning of that year, I looked at the […]",,C,0
https://rencore.com/en/blog/rise-power-automate-robotic-process-automation-digital-ecosystem,The rise of Power Automate: Robotic Process Automation (RPA) in the digital ecosystem,The rise of Power Automate: Robotic Process Automation (RPA) in the digital ecosystem,"Since the renaming of Flow to Power Automate, there has always been something more on the horizon than just the classic flows and connectors that […]",,C,0
https://rencore.com/en/blog/tag/security-risk-management/page/2,The Latest and Greatest in Microsoft 365 Governance | Blog | Rencore | Security & Risk Management (2),,Security & Risk Management | Discover how AI governance can enhance your business success and provide a competitive advantage in today’s innovation-driven landscape. Stay informed with our latest insights and strategies. (2),,C,0
https://rencore.com/en/blog/tag/security-risk-management/page/3,The Latest and Greatest in Microsoft 365 Governance | Blog | Rencore | Security & Risk Management (3),,Security & Risk Management | Discover how AI governance can enhance your business success and provide a competitive advantage in today’s innovation-driven landscape. Stay informed with our latest insights and strategies. (3),,C,0
https://rencore.com/en/blog/tag/security-risk-management/page/1,The Latest and Greatest in Microsoft 365 Governance | Blog | Rencore | Security & Risk Management,,Security & Risk Management | Discover how AI governance can enhance your business success and provide a competitive advantage in today’s innovation-driven landscape. Stay informed with our latest insights and strategies.,,C,0
https://rencore.com/de/blog,Blog - Rencore,,"Stay on top of the latest trends in Governance, Transformation and Risk Prevention when customizing SharePoint and Office 365 with the Rencore blog.",,C,0
https://rencore.com/de/service/power-platform-governance,Steuerung der Energieplattform - Rencore,Microsoft Power Platform sicher und effizient betreiben,"Kombinieren Sie Rencore Governance und Power Platform, um alle Services zu verwalten und Benutzer, Lizenzen und Aktivitäten zentral zu steuern.",Power Platform Governance,B,0
https://rencore.com/de/power-platform-governance,"Power Platform Governance | Risiken Reduzieren, Kosten Kontrollieren | Rencore",No-Code/Low-Code Governance-Software zur Steuerung von Power Platform,"Erhalten Sie umfassende Kontrolle und Transparenz über Ihre Power Platform mit Rencore Governance-Software. Reduzieren Sie Risiken, optimieren Sie Kosten und sichern Sie die Compliance.",Power Platform governance,B,0
https://rencore.com/en/features/product-roadmap,Rencore Governance Product Roadmap | New Features and Services Insights | Rencore,Product roadmap,"Explore Rencore Governance's roadmap for new features and services, prioritizing customer feedback to enhance security, usability, and integration across Microsoft platforms.",Product roadmap,B,0
https://rencore.com/de/features/product-roadmap,Product Roadmap,Produkt Roadmap,"Find out what new awesome features and functionality is coming up for Rencore Governance, the number 1 Microsoft 365 governance tool in the market.",Produkt Roadmap,B,0
https://rencore.com/en/,"Control Microsoft 365, Copilot & the Power Platform","Control Microsoft 365, Copilot, Agents, and Power Platform","Optimize your M365, Copilot, Agent & Power Platform governance to enhance security, reduce costs & streamline management across the organization.",Rencore,A,42
https://rencore.com/de/company/about-us,About Us - Rencore,"Einfach, effizient, spielerisch! So geht Microsoft 365 Governance.",Rencore helps organizations to stay in control of their Microsoft 365 services by providing award-winning governance automation tools.,Rencore,A,22
https://rencore.com/de/,"Kontrolle über Microsoft 365, Copilot und die Power Platform","Kontrolle über Microsoft 365, Copilot und die Power Platform","Wir ermöglichen Unternehmen, die Sicherheit zu optimieren, Kosten zu senken und die Kontrolle über ihre M365-, Copilot- und Power Platform-Workloads zu behalten.",Rencore,A,2
https://rencore.com/en/company/about-us,About Us - Rencore,"Easy, efficient, fun!",Rencore helps organizations to stay in control of their Microsoft 365 services by providing award-winning governance automation tools.,Rencore,B,2
https://rencore.com/en/company/career,Careers - Join Rencore,Join Team Rencore,"Join Rencore in our mission of providing awesome software! We hire software developers, sales, administration, and marketing roles.",Rencore careers,B,0
https://rencore.com/de/company/career,Karriere bei Rencore,Werden Sie Teil von Team Rencore,"Begleite Rencore bei unserer Mission, großartige Software anzubieten! Wir stellen Softwareentwickler, Vertriebs-, Verwaltungs- und Marketingmitarbeiter ein.",Rencore careers,B,0
https://rencore.com/en/blog/what-is-agentic-ai-and-what-it-means-for-microsoft-365-governance,What is agentic AI and what it means for Microsoft 365 governance,What is agentic AI and what it means for Microsoft 365 governance,"Learn what agentic AI is and how to harness its power. Our guide covers its benefits, risks, and a clear framework for governing your agents.",,C,0
https://rencore.com/en/blog/introducing-copilot-agent-governance-rencores-ai-governance-module-for-microsoft-365,Introducing Copilot & Agent Governance: Rencore’s AI governance module for Microsoft 365,Introducing Copilot & Agent Governance: Rencore’s AI governance module for Microsoft 365,Discover how Rencore Copilot & Agent Governance gives you visibility and control to safely adopt AI in Microsoft 365. Manage risks and drive innovation.,,C,0
https://rencore.com/en/code,Rencore Code - The SharePoint Code Analysis Framework (SPCAF),Stay in control of SharePoint & Office 365 code and customizations,"Rencore Code (SPCAF) is the leading SharePoint Code Analysis tool discovering violations against 1100+ rules for quality, security, performance, maintainability and supportability.",Rencore Code,A,137
https://rencore.com/en/code/features,Features - Rencore Code (SPCAF),Develop and verify high-quality & secure code and customizations,Rencore Code (SPCAF) comes with powerful features to help both SharePoint devs and SharePoint admins to stay in control of customizations.,Rencore Code features,B,1
https://rencore.com/en/code/pricing,Rencore Code - Pricing,Stay in control of your,Start detecting and fixing issues in your SharePoint code. Rencore Code Pricing caters to exactly how you need to use Rencore Code.,Rencore Code pricing,B,0
https://rencore.com/en/code/trial,Get started with Rencore Code (SPCAF),Rencore Code Trial,"Try Rencore Code (SPCAF) free for 14 days and learn, how easy SharePoint code governance can be. No credit card is required!",Rencore Code trial,B,0
https://rencore.com/en/company/culture-values,Our Culture and Values,It’s all about trust!,"Rencore is growing quickly in multiple places and provides fantastic opportunities to work from home office in an internationally distributed team, but also locally in our central office in Munich, Germany.",Rencore culture and values,B,0
https://rencore.com/en/company/events,Meet Us at ESPC 2025 | December 1 in Dublin | Rencore,Where to meet us,"Meet us at events throughout the year, including ESPC 2025 in Dublin. Stop by our booth for exciting swag and connect with our team in person.",Rencore events,B,0
https://rencore.com/en-us/get-started,Rencore Governance - Get Started,,"Get started with your journey towards better, more efficient and delightful Microsoft 365 governance.",Rencore governance get started,B,0
https://rencore.com/en/partners/partner-offer,Partner With Rencore | Elevate Your Microsoft 365 Experience | Rencore,Let's collaborate,"Collaborate with Rencore and enhance your Microsoft experience through our trusted partnerships, expert support, and innovative solutions for M365 and digital transformation.",Rencore partner offer,B,0
https://rencore.com/en/partners/become-a-partner,Become a Rencore partner - Rencore,Become a partner,Do you want to join Rencore's powerful partner network and benefit from all the perks our partner program has to offer? Get in touch!,Rencore partner program,B,0
https://rencore.com/de/partners/become-a-partner,Partner Werden | Mehr Über Unser Partnerprogramm Erfahren | Rencore,Partner werden,Werden Sie Rencore-Partner und erfahren Sie mehr über unser Partnerprogramm. Vereinbaren Sie ein Treffen mit unserem Team für mögliche Kooperationen.,Rencore partner program,B,0
https://rencore.com/en/pricing,Subscription Pricing - Rencore Governance,Easy to budget.,Check out our affordable and flexible pricing for Rencore Governance available as SaaS or self-hosted in your own Azure environment.,Rencore pricing,B,0
https://rencore.com/en/service/microsoft-sharepoint-governance,Scalable SharePoint and OneDrive Governance for Microsoft | Rencore,Fix your SharePoint and OneDrive governance gaps before AI finds them,"Simplify SharePoint governance & OneDrive governance with Rencore. Automate policy enforcement, secure your data, and prevent cloud sprawl.",SharePoint governance,A,37
https://rencore.com/de/service/microsoft-sharepoint-governance,Optimieren Sie SharePoint Governance | Effiziente Zusammenarbeit | Rencore,Optimieren Sie die Zusammenarbeit in SharePoint,"Optimieren Sie Ihre SharePoint Governance mit Rencore. Verwalten Sie Benutzeraktivitäten, Zugriff und Berechtigungen effizient und sichern Sie Ihre Geschäftsprozesse. Starten Sie jetzt!",SharePoint Governance,A,4
https://rencore.com/de/service/microsoft-teams-governance,Teams-Governance Einfach Gestalten | Externe Zugriffe Verwalten | Rencore,Einfache und sichere Zusammenarbeit in Microsoft Teams,"Optimieren Sie Ihre Teams-Governance mit Rencore Governance. Verwalten Sie Benutzeraktivitäten, Zugriffe und behalten Sie den Überblick über Ihre Microsoft Teams-Umgebung. Starten Sie jetzt Ihre 30-Tage-Testversion!",Teams-Governance,A,2
https://rencore.com/en/features/tenant-segmentation,Tenant Segmentation for M365 Governance | Unlock Customization | Rencore,Tenant Segmentation,"Optimize your Microsoft 365 governance with Rencore's Tenant Segmentation, enabling tailored control, collaboration, and insights across all services for enhanced organizational efficiency.",Tenant segmentation,A,1
https://rencore.com/en/use-case/tenant-to-tenant-migration-m365,Secured Office 365 Tenant-to-Tenant Migration | Rencore,"Make Office 365 tenant-to-tenant migration secure, fast, and risk-free",Easily prepare and carry out a resource and time-saving tenant-to-tenant migration of Microsoft 365 with Rencore Governance today.,tenant-to-tenant migration,A,6
https://rencore.com/de/pricing,Einfache Microsoft 365 Governance | Flexible Preisgestaltung | Rencore,Einfach zu budgetieren. Transparente Preisgestaltung. Keine Überraschungen.,"Entdecken Sie Rencore Governance für Microsoft 365: Kostenlose Testversion, transparente Preisgestaltung und umfassende Sicherheitslösungen für effektives Management und Compliance.",Rencore Preise,B,0
https://rencore.com/de/use-case/m365-external-access,Externe Zugriffe Verwalten | Effiziente Zusammenarbeit in Microsoft 365 | Rencore,Verwalten Sie externe Zugriffe in Microsoft 365,Verwalten Sie externe Zugriffe in Microsoft 365 effizient mit Rencore Governance. Behalten Sie die Kontrolle über Freigaben und nutzen Sie eine 30-tägige Testversion.,Externe Zugriffe in Microsoft 365,B,0
https://rencore.com/de/use-case/m365-user-offboarding,Einfaches Offboarding Für M365 Benutzer | Maximale Effizienz | Rencore,Einfaches Offboarding von Microsoft 365-Benutzern,"Optimieren Sie das Offboarding von Microsoft 365-Nutzern mit Rencore Governance. Automatisieren Sie Aufgaben, behalten Sie den Überblick und erstellen Sie regelmäßige Berichte für alle Beteiligten.",Microsoft 365 Benutzer-Offboarding,B,0
https://rencore.com/en/company/webinars-events,Meet Rencore,,"Don’t miss the chance to meet us in person! Our event schedule is packed throughout the year, so chances are you will run across our guys or into the Rencore booth. Make sure to stop by, if only for our legendary swag!",Rencore Webinare & Events,B,0
https://rencore.com/de/service/microsoft-power-bi-governance,Effiziente Power BI Governance | Oversharing Verhindern | Rencore,Verhindern Sie Oversharing und Datensilos mit Power BI Governance,"Optimieren Sie Ihre Power BI Governance mit Rencore. Verhindern Sie Oversharing, kontrollieren Sie Lizenzkosten und behalten Sie den Überblick über Datenzugriffe.",Power BI Governance,B,0
https://rencore.com/de/cost-savings-calculator,Einsparpotenzial mit Microsoft 365 Governance,Ihr Einsparpotenzial mit Microsoft 365 Governance,Berechnen Sie Ihr Einsparpotenzial mit Microsoft 365 Governance,Microsoft 365 Einsparpotenzial,B,0
https://rencore.com/de/customers/success-stories,Microsoft 365 Governance Erfolgsgeschichten | Rencore,"Sicher, konform, skalierbar:","Entdecken Sie, wie Rencore Governance Unternehmen unterstützt, Microsoft 365 Governance effizient zu meistern und strategische Vorteile in Cloud Governance, Compliance und Sicherheit zu erzielen.",Microsoft 365 Governance Erfolgsgeschichten,B,0
https://rencore.com/de/company/contact-us,Contact Us,Reden wir drüber!,,Kontakt Rencore,B,0
https://rencore.com/de/partners/find-a-partner,Governance Partner Finden | Microsoft 365 Experten Unterstützen Ihre Transformation | Rencore,Finden Sie Ihren Governance Partner,"Finden Sie den idealen Governance Partner für Microsoft 365 und profitieren Sie von maßgeschneiderten Lösungen, Beratung und Unterstützung bei Ihrer digitalen Transformation.",Microsoft 365 Governance Partner,B,0
https://rencore.com/en/blog/webinar-qna-copilot-licensing-2024,Webinar Q&A: Everything you need to know about Copilot licensing in 2024,Webinar Q&A: Everything you need to know about Copilot licensing in 2024,"Here is a compilation of questions that came up during the webinar. You might have the same questions in mind, so read now!",,C,0
https://rencore.com/en/blog/establish-copilot-governance-responsible-ai,Microsoft Copilot: Establishing governance for responsible AI assistance,Microsoft Copilot: Establishing governance for responsible AI assistance,"In this latest blog, Microsoft MVP Ragnar Heil explains what Copilot governance is and why your organization should pay attention.",,C,0
https://rencore.com/en/blog/author/ragnar-heil,The Latest and Greatest in Microsoft 365 Governance | Blog | Rencore | Ragnar Heil,,"Ragnar is Business Developement Manager Microsoft at German consulting firm and Rencore Partner HanseVision. His community activities have earned him his Microsoft MVP status seven times, with his first award coming in January 2017. Ragnar’s contributions to the MVP community focus on the M365 Apps and Services space. He is the Co-Host of the bi-weekly Microsoft 365 News Show “Alex & Ragnar”, and also curates content and blogs for IT News Portal Tekki Gurus. He is the founding member of Working Out Loud Community and Responsive Organization Movement in Germany. He has published several books and articles about Social Intranets, Digital Business and Brand Ambassadors.",,C,0